timestamp,timeIntervalSince1970,attitude.roll,attitude.pitch,attitude.yaw,gravity.x,gravity.y,gravity.z,magneticField.x,magneticField.y,magneticField.z,magneticField.accuracy,rotationRate.x,rotationRate.y,rotationRate.z,userAcceleration.x,userAcceleration.y,userAcceleration.z
"2019-05-06 15:56:07.443 +0000",1557158167.443241,0.711080,0.964136,-0.384214,0.372095,-0.821557,-0.431961,0.000000,0.000000,0.000000,-1,-1.186704,-0.518705,-0.093790,-0.055444,0.030632,-0.034485
"2019-05-06 15:56:07.463 +0000",1557158167.463192,0.680083,0.943041,-0.359155,0.369347,-0.809348,-0.456661,0.000000,0.000000,0.000000,-1,-1.320638,-0.536298,-0.123947,-0.046745,0.040854,-0.041569
"2019-05-06 15:56:07.483 +0000",1557158167.483198,0.646339,0.919875,-0.332351,0.364926,-0.795526,-0.483702,0.000000,0.000000,0.000000,-1,-1.312796,-0.586395,-0.076658,-0.052975,0.043771,-0.107195
"2019-05-06 15:56:07.503 +0000",1557158167.503181,0.619171,0.900612,-0.311724,0.360480,-0.783707,-0.505823,0.000000,0.000000,0.000000,-1,-1.034652,-0.504317,-0.067658,-0.039511,0.057145,-0.122076
"2019-05-06 15:56:07.523 +0000",1557158167.523146,0.601775,0.885417,-0.299657,0.358326,-0.774179,-0.521775,0.000000,0.000000,0.000000,-1,-0.742244,-0.321038,-0.163575,-0.032811,0.054468,-0.111968
"2019-05-06 15:56:07.543 +0000",1557158167.543128,0.590687,0.870645,-0.291249,0.358850,-0.764745,-0.535156,0.000000,0.000000,0.000000,-1,-0.639117,-0.108760,-0.196678,-0.016137,0.048451,-0.078171
"2019-05-06 15:56:07.563 +0000",1557158167.563107,0.583153,0.857403,-0.283687,0.360353,-0.756145,-0.546251,0.000000,0.000000,0.000000,-1,-0.735794,-0.107635,-0.130560,-0.005830,0.035442,-0.052886
"2019-05-06 15:56:07.583 +0000",1557158167.583089,0.565127,0.837402,-0.267887,0.358477,-0.742906,-0.565318,0.000000,0.000000,0.000000,-1,-0.914719,-0.294543,0.002872,-0.001741,0.028841,-0.034856
"2019-05-06 15:56:07.603 +0000",1557158167.603073,0.542598,0.820847,-0.249340,0.351954,-0.731723,-0.583703,0.000000,0.000000,0.000000,-1,-1.102369,-0.529250,0.149282,-0.016047,0.043216,-0.054694
"2019-05-06 15:56:07.623 +0000",1557158167.623056,0.512969,0.802607,-0.226430,0.341001,-0.719170,-0.605403,0.000000,0.000000,0.000000,-1,-1.225583,-0.720472,0.260965,-0.039350,0.056221,-0.078419
"2019-05-06 15:56:07.643 +0000",1557158167.643033,0.478233,0.783001,-0.200866,0.326198,-0.705410,-0.629279,0.000000,0.000000,0.000000,-1,-1.223515,-0.816325,0.336174,-0.044505,0.046291,-0.077294
"2019-05-06 15:56:07.663 +0000",1557158167.663007,0.446463,0.765271,-0.178045,0.311396,-0.692733,-0.650503,0.000000,0.000000,0.000000,-1,-1.110235,-0.752841,0.318937,-0.088770,0.037291,-0.124338
"2019-05-06 15:56:07.683 +0000",1557158167.683017,0.421882,0.748994,-0.159953,0.299891,-0.680902,-0.668160,0.000000,0.000000,0.000000,-1,-0.952913,-0.512868,0.214824,-0.096339,0.034967,-0.134788
"2019-05-06 15:56:07.703 +0000",1557158167.702972,0.406324,0.735255,-0.147173,0.293130,-0.670776,-0.681274,0.000000,0.000000,0.000000,-1,-0.736047,-0.255037,0.124063,-0.090448,0.035797,-0.133408
"2019-05-06 15:56:07.723 +0000",1557158167.722959,0.396567,0.724506,-0.138358,0.289237,-0.662766,-0.690712,0.000000,0.000000,0.000000,-1,-0.564924,-0.179952,0.082868,-0.073112,0.028412,-0.128761
"2019-05-06 15:56:07.743 +0000",1557158167.742960,0.388074,0.715975,-0.131139,0.285490,-0.656353,-0.698352,0.000000,0.000000,0.000000,-1,-0.470266,-0.196177,0.093596,-0.062712,0.023632,-0.109189
"2019-05-06 15:56:07.763 +0000",1557158167.762921,0.379036,0.708344,-0.124064,0.281012,-0.650577,-0.705537,0.000000,0.000000,0.000000,-1,-0.450330,-0.234531,0.112157,-0.061072,0.020084,-0.097121
"2019-05-06 15:56:07.783 +0000",1557158167.782901,0.369418,0.701068,-0.116942,0.275915,-0.645034,-0.712602,0.000000,0.000000,0.000000,-1,-0.428096,-0.261170,0.118948,-0.066900,0.015594,-0.089125
"2019-05-06 15:56:07.803 +0000",1557158167.802905,0.359144,0.694196,-0.110222,0.270131,-0.639767,-0.719532,0.000000,0.000000,0.000000,-1,-0.404802,-0.323912,0.119551,-0.064748,0.016797,-0.079952
"2019-05-06 15:56:07.823 +0000",1557158167.822865,0.348190,0.687955,-0.103492,0.263590,-0.634958,-0.726187,0.000000,0.000000,0.000000,-1,-0.365762,-0.326238,0.150920,-0.074534,0.028391,-0.065820
"2019-05-06 15:56:07.843 +0000",1557158167.842844,0.324525,0.676910,-0.087921,0.248554,-0.626387,-0.738823,0.000000,0.000000,0.000000,-1,-0.311228,-0.283250,0.210081,-0.068027,0.037337,-0.061195
"2019-05-06 15:56:07.863 +0000",1557158167.862849,0.313957,0.673122,-0.079435,0.241464,-0.623430,-0.743660,0.000000,0.000000,0.000000,-1,-0.268326,-0.258082,0.279733,-0.066659,0.031160,-0.066567
"2019-05-06 15:56:07.883 +0000",1557158167.882806,0.302975,0.670271,-0.070350,0.233812,-0.621198,-0.747960,0.000000,0.000000,0.000000,-1,-0.225880,-0.268857,0.291990,-0.080339,0.017973,-0.072245
"2019-05-06 15:56:07.903 +0000",1557158167.902797,0.282421,0.664201,-0.056209,0.219437,-0.616430,-0.756215,0.000000,0.000000,0.000000,-1,-0.148212,-0.226543,0.203189,-0.075104,0.017782,-0.066874
"2019-05-06 15:56:07.923 +0000",1557158167.922793,0.276059,0.663041,-0.052098,0.214816,-0.615516,-0.758283,0.000000,0.000000,0.000000,-1,-0.074455,-0.169078,0.104501,-0.078311,0.026710,-0.053988
"2019-05-06 15:56:07.943 +0000",1557158167.942760,0.261088,0.657963,-0.042980,0.204244,-0.611506,-0.764424,0.000000,0.000000,0.000000,-1,-0.062288,-0.085332,0.063826,-0.070318,0.028803,-0.045985
"2019-05-06 15:56:07.963 +0000",1557158167.962743,0.258067,0.656357,-0.040337,0.202184,-0.610235,-0.765986,0.000000,0.000000,0.000000,-1,-0.130826,-0.069308,0.096045,-0.055745,0.031011,-0.046758
"2019-05-06 15:56:07.983 +0000",1557158167.982723,0.246635,0.649839,-0.032149,0.194382,-0.605058,-0.772089,0.000000,0.000000,0.000000,-1,-0.173800,-0.093854,0.104363,-0.048370,0.018067,-0.052420
"2019-05-06 15:56:08.003 +0000",1557158168.002702,0.235461,0.643358,-0.024635,0.186653,-0.599885,-0.778009,0.000000,0.000000,0.000000,-1,-0.165229,-0.105694,0.082247,-0.050056,0.020143,-0.048117
"2019-05-06 15:56:08.023 +0000",1557158168.022693,0.222794,0.635306,-0.016314,0.177845,-0.593423,-0.784997,0.000000,0.000000,0.000000,-1,-0.092411,-0.007287,0.042158,-0.042042,0.021600,-0.040626
"2019-05-06 15:56:08.043 +0000",1557158168.042652,0.216317,0.629918,-0.011220,0.173440,-0.589079,-0.789243,0.000000,0.000000,0.000000,-1,-0.038967,0.080578,0.023185,-0.029916,0.021269,-0.025668
"2019-05-06 15:56:08.063 +0000",1557158168.062654,0.214282,0.626612,-0.008705,0.172247,-0.586403,-0.791493,0.000000,0.000000,0.000000,-1,0.002355,0.066537,0.024830,-0.016318,0.024178,-0.010844
"2019-05-06 15:56:08.083 +0000",1557158168.082646,0.211563,0.623913,-0.006094,0.170427,-0.584215,-0.793503,0.000000,0.000000,0.000000,-1,-0.029374,-0.012203,0.066541,-0.016038,0.021669,-0.014099
"2019-05-06 15:56:08.103 +0000",1557158168.102628,0.206528,0.620505,-0.001761,0.166836,-0.581446,-0.796295,0.000000,0.000000,0.000000,-1,-0.089876,-0.042045,0.118343,-0.018688,0.017863,-0.017395
"2019-05-06 15:56:08.123 +0000",1557158168.122602,0.200535,0.617462,0.003444,0.162413,-0.578967,-0.799011,0.000000,0.000000,0.000000,-1,-0.071753,-0.033700,0.107909,-0.024885,0.006641,-0.025910
"2019-05-06 15:56:08.143 +0000",1557158168.142579,0.196140,0.615861,0.006908,0.159080,-0.577662,-0.800625,0.000000,0.000000,0.000000,-1,-0.008026,0.001274,0.033847,-0.025413,0.006464,-0.018131
"2019-05-06 15:56:08.163 +0000",1557158168.162571,0.195962,0.615584,0.007236,0.158968,-0.577435,-0.800811,0.000000,0.000000,0.000000,-1,0.032175,0.051226,-0.026748,-0.020586,0.017834,-0.007859
"2019-05-06 15:56:08.183 +0000",1557158168.182525,0.196568,0.615161,0.006737,0.159501,-0.577090,-0.800953,0.000000,0.000000,0.000000,-1,0.004371,0.020466,-0.027935,-0.005357,0.017261,-0.005199
"2019-05-06 15:56:08.203 +0000",1557158168.202515,0.196276,0.613050,0.006681,0.159505,-0.575364,-0.802193,0.000000,0.000000,0.000000,-1,-0.053695,-0.029393,-0.001654,-0.001485,0.014650,-0.016532
"2019-05-06 15:56:08.223 +0000",1557158168.222516,0.195356,0.610441,0.007226,0.159057,-0.573229,-0.803809,0.000000,0.000000,0.000000,-1,-0.107011,-0.015449,-0.001258,0.001374,0.011568,-0.021829
"2019-05-06 15:56:08.242 +0000",1557158168.242470,0.195519,0.607192,0.007502,0.159549,-0.570564,-0.805606,0.000000,0.000000,0.000000,-1,-0.124636,0.057980,-0.033852,-0.004352,0.011649,-0.019131
"2019-05-06 15:56:08.262 +0000",1557158168.262474,0.197677,0.603548,0.006810,0.161695,-0.567567,-0.807293,0.000000,0.000000,0.000000,-1,-0.086953,0.112139,-0.066811,0.006015,0.015321,-0.006962
"2019-05-06 15:56:08.282 +0000",1557158168.282459,0.201601,0.600644,0.004749,0.165191,-0.565174,-0.808264,0.000000,0.000000,0.000000,-1,-0.050941,0.067500,-0.067314,0.018083,0.015156,-0.006861
"2019-05-06 15:56:08.302 +0000",1557158168.302437,0.202440,0.598722,0.003634,0.166087,-0.563587,-0.809188,0.000000,0.000000,0.000000,-1,-0.064432,-0.046207,-0.033803,0.013127,0.012730,-0.010255
"2019-05-06 15:56:08.322 +0000",1557158168.322416,0.200756,0.594261,0.003788,0.165224,-0.559897,-0.811921,0.000000,0.000000,0.000000,-1,-0.106660,-0.081244,-0.005327,0.002562,0.013434,-0.037108
"2019-05-06 15:56:08.342 +0000",1557158168.342406,0.199062,0.590014,0.004757,0.164317,-0.556373,-0.814524,0.000000,0.000000,0.000000,-1,-0.122807,-0.000546,0.006837,-0.001765,0.010001,-0.038915
"2019-05-06 15:56:08.362 +0000",1557158168.362360,0.199516,0.587118,0.005633,0.165006,-0.553964,-0.816025,0.000000,0.000000,0.000000,-1,-0.086492,0.089622,0.007803,-0.003736,0.010293,-0.036025
"2019-05-06 15:56:08.382 +0000",1557158168.382367,0.201065,0.585274,0.006234,0.166473,-0.552428,-0.816768,0.000000,0.000000,0.000000,-1,-0.010023,0.086185,0.017179,0.003510,0.010649,-0.005742
"2019-05-06 15:56:08.402 +0000",1557158168.402329,0.202445,0.586069,0.006687,0.167511,-0.553090,-0.816107,0.000000,0.000000,0.000000,-1,0.067274,0.044480,0.048097,0.004531,0.003712,0.001120
"2019-05-06 15:56:08.422 +0000",1557158168.422329,0.201327,0.587425,0.007948,0.166449,-0.554219,-0.815559,0.000000,0.000000,0.000000,-1,0.042286,-0.049012,0.070739,-0.002097,0.000356,-0.001504
"2019-05-06 15:56:08.442 +0000",1557158168.442312,0.198150,0.587336,0.010296,0.163867,-0.554145,-0.816132,0.000000,0.000000,0.000000,-1,-0.052663,-0.059473,0.078333,-0.013385,-0.008126,-0.016953
"2019-05-06 15:56:08.462 +0000",1557158168.462292,0.195459,0.585552,0.012914,0.161862,-0.552659,-0.817538,0.000000,0.000000,0.000000,-1,-0.095843,0.014985,0.045524,-0.015927,-0.005827,-0.026227
"2019-05-06 15:56:08.482 +0000",1557158168.482274,0.195033,0.583945,0.014365,0.161685,-0.551319,-0.818477,0.000000,0.000000,0.000000,-1,-0.050756,0.076491,0.012882,-0.012103,-0.005306,-0.020192
"2019-05-06 15:56:08.502 +0000",1557158168.502257,0.195552,0.583508,0.015081,0.162157,-0.550955,-0.818630,0.000000,0.000000,0.000000,-1,0.012027,0.056117,0.014758,-0.006502,-0.002070,-0.015950
"2019-05-06 15:56:08.522 +0000",1557158168.522239,0.195072,0.583904,0.015793,0.161722,-0.551286,-0.818493,0.000000,0.000000,0.000000,-1,0.026530,-0.015170,0.035579,-0.003839,-0.004958,-0.015843
"2019-05-06 15:56:08.542 +0000",1557158168.542219,0.193125,0.583943,0.017248,0.160123,-0.551318,-0.818785,0.000000,0.000000,0.000000,-1,-0.004546,-0.030009,0.047060,-0.012647,-0.001599,-0.016649
"2019-05-06 15:56:08.562 +0000",1557158168.562180,0.191376,0.583380,0.018762,0.158750,-0.550848,-0.819368,0.000000,0.000000,0.000000,-1,-0.015993,0.006171,0.029684,-0.016675,0.002310,-0.016325
"2019-05-06 15:56:08.582 +0000",1557158168.582181,0.191282,0.583168,0.019560,0.158695,-0.550671,-0.819498,0.000000,0.000000,0.000000,-1,0.001309,0.049710,0.015775,-0.016194,0.002285,-0.013357
"2019-05-06 15:56:08.602 +0000",1557158168.602144,0.191973,0.583356,0.020020,0.159242,-0.550828,-0.819287,0.000000,0.000000,0.000000,-1,0.021573,0.051779,0.013857,-0.005342,0.003663,-0.006595
"2019-05-06 15:56:08.622 +0000",1557158168.622121,0.192028,0.583676,0.020510,0.159253,-0.551095,-0.819105,0.000000,0.000000,0.000000,-1,0.011729,0.001836,0.025759,-0.002973,0.007104,-0.000384
"2019-05-06 15:56:08.642 +0000",1557158168.642128,0.190492,0.583333,0.021409,0.158031,-0.550809,-0.819534,0.000000,0.000000,0.000000,-1,-0.034369,-0.078803,0.034231,-0.000652,0.005475,-0.009217
"2019-05-06 15:56:08.662 +0000",1557158168.662106,0.187888,0.581657,0.022611,0.156068,-0.549409,-0.820849,0.000000,0.000000,0.000000,-1,-0.114226,-0.081762,0.029106,-0.007723,0.001435,-0.020307
"2019-05-06 15:56:08.682 +0000",1557158168.682089,0.184534,0.577615,0.024949,0.153721,-0.546027,-0.823543,0.000000,0.000000,0.000000,-1,-0.165352,-0.019008,0.035682,-0.014698,0.001975,-0.029667
"2019-05-06 15:56:08.702 +0000",1557158168.702071,0.183708,0.574082,0.027008,0.153392,-0.543064,-0.825562,0.000000,0.000000,0.000000,-1,-0.140718,0.073316,0.039716,-0.006892,0.002384,-0.019272
"2019-05-06 15:56:08.722 +0000",1557158168.722031,0.184582,0.572064,0.028524,0.154314,-0.541369,-0.826503,0.000000,0.000000,0.000000,-1,-0.083147,0.101830,0.041260,-0.009126,-0.000639,-0.010106
"2019-05-06 15:56:08.742 +0000",1557158168.742034,0.185163,0.570807,0.029996,0.154919,-0.540311,-0.827082,0.000000,0.000000,0.000000,-1,-0.082213,0.043397,0.041596,0.000247,-0.004214,0.004969
"2019-05-06 15:56:08.762 +0000",1557158168.762001,0.184517,0.569000,0.031165,0.154564,-0.538790,-0.828140,0.000000,0.000000,0.000000,-1,-0.120503,-0.023372,0.024482,0.001274,-0.006467,0.005142
"2019-05-06 15:56:08.782 +0000",1557158168.781997,0.182884,0.565780,0.031974,0.153526,-0.536074,-0.830093,0.000000,0.000000,0.000000,-1,-0.169197,-0.068817,-0.010992,0.002129,0.001605,-0.014741
"2019-05-06 15:56:08.802 +0000",1557158168.801978,0.181791,0.561183,0.031608,0.153063,-0.532188,-0.832675,0.000000,0.000000,0.000000,-1,-0.221522,-0.042958,-0.086360,-0.006029,0.001335,-0.001065
"2019-05-06 15:56:08.822 +0000",1557158168.821936,0.181974,0.557322,0.030970,0.153586,-0.528915,-0.834662,0.000000,0.000000,0.000000,-1,-0.166565,0.019419,-0.037042,0.001962,-0.009018,-0.003183
"2019-05-06 15:56:08.842 +0000",1557158168.841941,0.182496,0.555322,0.031039,0.154213,-0.527217,-0.835620,0.000000,0.000000,0.000000,-1,-0.028607,-0.004439,0.002989,0.008048,0.009212,-0.003324
"2019-05-06 15:56:08.862 +0000",1557158168.861874,0.181628,0.555994,0.030834,0.153424,-0.527788,-0.835405,0.000000,0.000000,0.000000,-1,0.072310,-0.082286,0.013055,0.009571,0.000231,-0.001387
"2019-05-06 15:56:08.882 +0000",1557158168.881850,0.179264,0.557219,0.031425,0.151333,-0.528828,-0.835128,0.000000,0.000000,0.000000,-1,0.048305,-0.120582,0.052459,-0.004864,-0.010540,-0.026017
"2019-05-06 15:56:08.902 +0000",1557158168.901835,0.175791,0.557078,0.033015,0.148444,-0.528708,-0.835722,0.000000,0.000000,0.000000,-1,-0.048624,-0.096964,0.054469,-0.006431,-0.015085,-0.031373
"2019-05-06 15:56:08.922 +0000",1557158168.921818,0.174085,0.555483,0.034158,0.147164,-0.527354,-0.836804,0.000000,0.000000,0.000000,-1,-0.076500,0.006308,-0.001854,-0.005639,-0.014501,-0.033969
"2019-05-06 15:56:08.942 +0000",1557158168.941801,0.175362,0.554267,0.033654,0.148345,-0.526320,-0.837246,0.000000,0.000000,0.000000,-1,-0.018336,0.073199,-0.043177,0.006364,-0.009065,-0.024265
"2019-05-06 15:56:08.962 +0000",1557158168.961780,0.177475,0.554495,0.032336,0.150093,-0.526514,-0.836812,0.000000,0.000000,0.000000,-1,0.045360,0.033699,-0.031604,0.012337,-0.005041,-0.008418
"2019-05-06 15:56:08.982 +0000",1557158168.981743,0.177461,0.555189,0.032135,0.150016,-0.527104,-0.836455,0.000000,0.000000,0.000000,-1,0.029582,-0.046098,0.025182,0.001534,0.000965,-0.009309
"2019-05-06 15:56:09.002 +0000",1557158169.001743,0.174952,0.554794,0.033444,0.147953,-0.526768,-0.837034,0.000000,0.000000,0.000000,-1,-0.054069,-0.099099,0.060817,-0.000279,-0.002865,-0.015505
"2019-05-06 15:56:09.022 +0000",1557158169.021701,0.172410,0.553348,0.035146,0.145955,-0.525539,-0.838156,0.000000,0.000000,0.000000,-1,-0.076150,-0.052254,0.044322,-0.007711,-0.003788,-0.026758
"2019-05-06 15:56:09.042 +0000",1557158169.041678,0.171432,0.552134,0.035920,0.145244,-0.524506,-0.838927,0.000000,0.000000,0.000000,-1,-0.014641,0.023143,-0.008733,-0.007091,0.003097,-0.017503
"2019-05-06 15:56:09.062 +0000",1557158169.061688,0.172676,0.552432,0.035365,0.146261,-0.524759,-0.838592,0.000000,0.000000,0.000000,-1,0.052775,0.060192,-0.027391,-0.006796,0.006433,-0.008821
"2019-05-06 15:56:09.082 +0000",1557158169.081666,0.173640,0.553284,0.034907,0.146992,-0.525484,-0.838009,0.000000,0.000000,0.000000,-1,0.043821,0.018699,0.000468,-0.000431,0.008028,0.010327
"2019-05-06 15:56:09.102 +0000",1557158169.101645,0.173009,0.553605,0.035166,0.146434,-0.525757,-0.837936,0.000000,0.000000,0.000000,-1,-0.014239,-0.067269,0.029096,-0.000377,-0.002960,-0.004105
"2019-05-06 15:56:09.122 +0000",1557158169.121632,0.170254,0.552724,0.036254,0.144203,-0.525008,-0.838792,0.000000,0.000000,0.000000,-1,-0.063291,-0.099010,0.026607,-0.009651,-0.005540,-0.013259
"2019-05-06 15:56:09.142 +0000",1557158169.141601,0.167855,0.551182,0.037066,0.142326,-0.523695,-0.839933,0.000000,0.000000,0.000000,-1,-0.063653,-0.030910,-0.020680,-0.015205,-0.007387,-0.025347
"2019-05-06 15:56:09.162 +0000",1557158169.161594,0.168509,0.550122,0.036417,0.142968,-0.522792,-0.840386,0.000000,0.000000,0.000000,-1,-0.021436,0.071056,-0.058097,-0.003121,-0.003957,-0.007621
"2019-05-06 15:56:09.182 +0000",1557158169.181558,0.171238,0.550128,0.034696,0.145261,-0.522796,-0.839990,0.000000,0.000000,0.000000,-1,0.016975,0.061421,-0.064027,0.009982,-0.002595,0.004526
"2019-05-06 15:56:09.202 +0000",1557158169.201558,0.172343,0.550360,0.033154,0.146168,-0.522994,-0.839709,0.000000,0.000000,0.000000,-1,0.016374,-0.058684,-0.035654,0.012355,-0.000367,-0.002652
"2019-05-06 15:56:09.222 +0000",1557158169.221512,0.170265,0.549907,0.032794,0.144463,-0.522608,-0.840245,0.000000,0.000000,0.000000,-1,-0.015122,-0.138373,-0.001437,0.002281,-0.003134,-0.023067
"2019-05-06 15:56:09.241 +0000",1557158169.241493,0.167276,0.548896,0.033432,0.142039,-0.521746,-0.841193,0.000000,0.000000,0.000000,-1,-0.031104,-0.077827,0.007660,-0.007395,-0.010938,-0.040795
"2019-05-06 15:56:09.262 +0000",1557158169.261501,0.166460,0.548257,0.033496,0.141408,-0.521201,-0.841637,0.000000,0.000000,0.000000,-1,-0.003952,-0.000273,-0.022326,-0.008687,-0.012430,-0.043845
"2019-05-06 15:56:09.281 +0000",1557158169.281485,0.166581,0.548603,0.032723,0.141480,-0.521496,-0.841442,0.000000,0.000000,0.000000,-1,0.056942,-0.015268,-0.039699,-0.000016,-0.010196,-0.040195
"2019-05-06 15:56:09.301 +0000",1557158169.301464,0.166468,0.549788,0.031644,0.141282,-0.522506,-0.840849,0.000000,0.000000,0.000000,-1,0.120829,-0.014398,-0.038997,-0.013581,0.009063,-0.027056
"2019-05-06 15:56:09.321 +0000",1557158169.321447,0.165656,0.551513,0.030874,0.140450,-0.523976,-0.840073,0.000000,0.000000,0.000000,-1,0.089616,-0.052628,-0.020990,-0.015938,0.006398,-0.020889
"2019-05-06 15:56:09.341 +0000",1557158169.341429,0.165400,0.552075,0.030070,0.140187,-0.524455,-0.839818,0.000000,0.000000,0.000000,-1,0.027268,0.006056,-0.053988,-0.011097,0.011287,-0.015345
"2019-05-06 15:56:09.361 +0000",1557158169.361410,0.167229,0.551329,0.028107,0.141788,-0.523820,-0.839946,0.000000,0.000000,0.000000,-1,0.006881,0.087029,-0.118643,0.003934,0.015488,0.013545
"2019-05-06 15:56:09.381 +0000",1557158169.381364,0.172038,0.550865,0.024437,0.145867,-0.523424,-0.839494,0.000000,0.000000,0.000000,-1,0.010719,0.153023,-0.160567,0.007911,0.021059,0.025422
"2019-05-06 15:56:09.401 +0000",1557158169.401350,0.177650,0.550313,0.020603,0.150626,-0.522954,-0.838946,0.000000,0.000000,0.000000,-1,-0.010514,0.184951,-0.160977,0.029244,0.026784,0.041018
"2019-05-06 15:56:09.421 +0000",1557158169.421355,0.181908,0.548995,0.017910,0.154322,-0.521830,-0.838974,0.000000,0.000000,0.000000,-1,-0.064708,0.100988,-0.099253,0.029547,0.021846,0.035202
"2019-05-06 15:56:09.441 +0000",1557158169.441307,0.183280,0.546974,0.016385,0.155665,-0.520105,-0.839797,0.000000,0.000000,0.000000,-1,-0.087186,-0.076518,-0.034552,0.026937,0.013926,0.012389
"2019-05-06 15:56:09.461 +0000",1557158169.461316,0.181089,0.545339,0.016429,0.153978,-0.518708,-0.840972,0.000000,0.000000,0.000000,-1,-0.074787,-0.105316,-0.007595,0.005003,0.006714,-0.022615
"2019-05-06 15:56:09.481 +0000",1557158169.481298,0.180265,0.544099,0.016130,0.153400,-0.517647,-0.841730,0.000000,0.000000,0.000000,-1,-0.046522,-0.006509,-0.036626,-0.001987,0.001046,-0.022665
"2019-05-06 15:56:09.501 +0000",1557158169.501252,0.182272,0.543316,0.014675,0.155163,-0.516977,-0.841819,0.000000,0.000000,0.000000,-1,0.000653,0.100098,-0.089020,0.013462,-0.005117,-0.001779
"2019-05-06 15:56:09.521 +0000",1557158169.521263,0.186032,0.543076,0.012094,0.158349,-0.516771,-0.841352,0.000000,0.000000,0.000000,-1,0.004231,0.122481,-0.116833,0.023963,-0.010893,0.009656
"2019-05-06 15:56:09.541 +0000",1557158169.541242,0.190102,0.542318,0.009272,0.161846,-0.516122,-0.841085,0.000000,0.000000,0.000000,-1,-0.058918,0.076940,-0.100220,0.023747,-0.010855,0.003682
"2019-05-06 15:56:09.561 +0000",1557158169.561224,0.191868,0.540195,0.007614,0.163540,-0.514303,-0.841871,0.000000,0.000000,0.000000,-1,-0.101798,0.031335,-0.086574,0.018711,-0.016291,-0.002550
"2019-05-06 15:56:09.581 +0000",1557158169.581205,0.193610,0.538245,0.005816,0.165199,-0.512630,-0.842568,0.000000,0.000000,0.000000,-1,-0.075005,0.038738,-0.098054,0.008065,-0.015599,-0.016624
"2019-05-06 15:56:09.601 +0000",1557158169.601164,0.196225,0.536692,0.003267,0.167557,-0.511296,-0.842913,0.000000,0.000000,0.000000,-1,-0.043724,0.069546,-0.124546,0.009903,-0.010525,-0.016569
"2019-05-06 15:56:09.621 +0000",1557158169.621168,0.200032,0.535285,0.000286,0.170907,-0.510086,-0.842973,0.000000,0.000000,0.000000,-1,-0.034226,0.093932,-0.112855,0.013205,-0.000763,-0.008010
"2019-05-06 15:56:09.641 +0000",1557158169.641150,0.203066,0.533992,-0.001752,0.173597,-0.508974,-0.843095,0.000000,0.000000,0.000000,-1,-0.026517,0.049129,-0.053877,0.012926,-0.000029,-0.013502
"2019-05-06 15:56:09.661 +0000",1557158169.661128,0.202844,0.533404,-0.001738,0.173470,-0.508467,-0.843427,0.000000,0.000000,0.000000,-1,0.014699,-0.059625,0.042087,-0.003700,-0.002900,-0.026004
"2019-05-06 15:56:09.681 +0000",1557158169.681112,0.199645,0.534968,0.000441,0.170613,-0.509813,-0.843197,0.000000,0.000000,0.000000,-1,0.096708,-0.089861,0.127410,-0.009877,-0.005568,-0.022449
"2019-05-06 15:56:09.701 +0000",1557158169.701084,0.196481,0.538352,0.003309,0.167607,-0.512722,-0.842036,0.000000,0.000000,0.000000,-1,0.161663,-0.045465,0.138549,-0.018086,-0.016300,-0.018087
"2019-05-06 15:56:09.721 +0000",1557158169.721077,0.194343,0.543683,0.005557,0.165275,-0.517292,-0.839698,0.000000,0.000000,0.000000,-1,0.206092,0.015093,0.089663,-0.008155,-0.032925,-0.008431
"2019-05-06 15:56:09.741 +0000",1557158169.741057,0.194202,0.548963,0.005839,0.164627,-0.521803,-0.837030,0.000000,0.000000,0.000000,-1,0.211011,-0.013430,0.031226,-0.005829,-0.034105,-0.003729
"2019-05-06 15:56:09.761 +0000",1557158169.761042,0.193602,0.552943,0.005449,0.163724,-0.525194,-0.835084,0.000000,0.000000,0.000000,-1,0.129211,-0.051376,0.006013,0.000704,-0.021040,-0.002318
"2019-05-06 15:56:09.781 +0000",1557158169.781020,0.192325,0.554900,0.005098,0.162462,-0.526859,-0.834282,0.000000,0.000000,0.000000,-1,0.069573,-0.075630,0.000162,0.001754,-0.003079,-0.009331
"2019-05-06 15:56:09.801 +0000",1557158169.800977,0.191345,0.556396,0.004763,0.161493,-0.528129,-0.833666,0.000000,0.000000,0.000000,-1,0.106837,-0.053438,0.005778,0.002981,0.001259,-0.004392
"2019-05-06 15:56:09.821 +0000",1557158169.820955,0.190977,0.559121,0.004303,0.160913,-0.530442,-0.832309,0.000000,0.000000,0.000000,-1,0.148472,-0.014245,0.006018,0.001120,0.001679,0.006031
"2019-05-06 15:56:09.841 +0000",1557158169.840967,0.191400,0.562240,0.003527,0.160950,-0.533083,-0.830613,0.000000,0.000000,0.000000,-1,0.142258,-0.005687,-0.006896,0.003937,0.000917,0.012314
"2019-05-06 15:56:09.861 +0000",1557158169.860944,0.192056,0.564377,0.002279,0.161277,-0.534889,-0.829387,0.000000,0.000000,0.000000,-1,0.075547,-0.017078,-0.042761,0.005532,0.004296,0.014034
"2019-05-06 15:56:09.881 +0000",1557158169.880903,0.192697,0.564473,0.000433,0.161798,-0.534970,-0.829233,0.000000,0.000000,0.000000,-1,-0.002053,-0.050784,-0.063698,0.012518,0.013517,0.011851
"2019-05-06 15:56:09.901 +0000",1557158169.900911,0.192801,0.563438,-0.000911,0.161990,-0.534096,-0.829759,0.000000,0.000000,0.000000,-1,-0.024675,-0.049714,-0.043696,0.013394,0.015602,-0.003493
"2019-05-06 15:56:09.921 +0000",1557158169.920891,0.193035,0.562323,-0.001803,0.162299,-0.533153,-0.830305,0.000000,0.000000,0.000000,-1,0.002749,-0.021174,-0.016903,0.013833,0.010540,-0.003954
"2019-05-06 15:56:09.941 +0000",1557158169.940876,0.194115,0.562240,-0.002685,0.163204,-0.533083,-0.830173,0.000000,0.000000,0.000000,-1,0.022954,0.001079,-0.010419,0.014836,0.000948,-0.004788
"2019-05-06 15:56:09.961 +0000",1557158169.960855,0.195094,0.562300,-0.003264,0.164011,-0.533134,-0.829981,0.000000,0.000000,0.000000,-1,-0.015502,0.003296,-0.001264,0.014151,-0.002023,0.002360
"2019-05-06 15:56:09.981 +0000",1557158169.980836,0.195343,0.561485,-0.003392,0.164302,-0.532443,-0.830367,0.000000,0.000000,0.000000,-1,-0.051868,-0.033789,0.003866,0.012380,-0.004880,-0.007188
"2019-05-06 15:56:10.001 +0000",1557158170.000820,0.194266,0.560144,-0.003035,0.163545,-0.531308,-0.831243,0.000000,0.000000,0.000000,-1,-0.066956,-0.058206,0.013430,0.004042,-0.003665,-0.014033
"2019-05-06 15:56:10.021 +0000",1557158170.020771,0.192617,0.558675,-0.002044,0.162323,-0.530063,-0.832277,0.000000,0.000000,0.000000,-1,-0.059707,-0.039169,0.033668,-0.002685,-0.001538,-0.015563
"2019-05-06 15:56:10.041 +0000",1557158170.040779,0.191033,0.558085,-0.000648,0.161064,-0.529563,-0.832839,0.000000,0.000000,0.000000,-1,-0.025710,-0.022306,0.044617,-0.005501,-0.010537,-0.016511
"2019-05-06 15:56:10.061 +0000",1557158170.060764,0.189894,0.558286,0.000309,0.160095,-0.529733,-0.832918,0.000000,0.000000,0.000000,-1,0.007554,-0.019157,0.025772,-0.006729,-0.015402,-0.010680
"2019-05-06 15:56:10.081 +0000",1557158170.080734,0.189493,0.559313,0.000390,0.159659,-0.530604,-0.832447,0.000000,0.000000,0.000000,-1,0.021841,-0.012720,-0.008229,0.005609,-0.019353,-0.000912
"2019-05-06 15:56:10.101 +0000",1557158170.100726,0.189648,0.559596,-0.000256,0.159759,-0.530844,-0.832275,0.000000,0.000000,0.000000,-1,-0.007825,-0.023212,-0.023428,0.008835,-0.014490,-0.002381
"2019-05-06 15:56:10.121 +0000",1557158170.120709,0.189334,0.559227,-0.000491,0.159535,-0.530531,-0.832518,0.000000,0.000000,0.000000,-1,-0.030612,-0.045546,0.007369,0.016659,-0.007891,-0.010500
"2019-05-06 15:56:10.141 +0000",1557158170.140689,0.188195,0.558889,0.000236,0.158620,-0.530245,-0.832875,0.000000,0.000000,0.000000,-1,-0.006768,-0.058508,0.059952,0.009349,-0.007445,-0.018688
"2019-05-06 15:56:10.161 +0000",1557158170.160670,0.186112,0.559573,0.001912,0.156817,-0.530825,-0.832847,0.000000,0.000000,0.000000,-1,0.039877,-0.056570,0.079650,0.003187,-0.008375,-0.018106
"2019-05-06 15:56:10.181 +0000",1557158170.180653,0.184633,0.560909,0.003292,0.155455,-0.531956,-0.832380,0.000000,0.000000,0.000000,-1,0.054139,-0.015100,0.052918,0.000261,-0.013866,-0.018588
"2019-05-06 15:56:10.201 +0000",1557158170.200634,0.184952,0.561752,0.003443,0.155639,-0.532670,-0.831889,0.000000,0.000000,0.000000,-1,0.018638,0.024468,0.000050,0.014833,-0.009505,-0.012365
"2019-05-06 15:56:10.221 +0000",1557158170.220614,0.185972,0.561522,0.003169,0.156509,-0.532475,-0.831851,0.000000,0.000000,0.000000,-1,-0.016546,0.028812,0.002833,0.015503,-0.002727,-0.009214
"2019-05-06 15:56:10.241 +0000",1557158170.240593,0.187288,0.560596,0.003087,0.157696,-0.531691,-0.832128,0.000000,0.000000,0.000000,-1,0.002070,-0.001078,0.042642,0.018253,0.011336,-0.001124
"2019-05-06 15:56:10.261 +0000",1557158170.260579,0.186374,0.561280,0.004378,0.156867,-0.532270,-0.831914,0.000000,0.000000,0.000000,-1,0.050425,-0.042773,0.089256,0.015374,0.009061,-0.000529
"2019-05-06 15:56:10.281 +0000",1557158170.280549,0.183748,0.563061,0.006703,0.154509,-0.533777,-0.831390,0.000000,0.000000,0.000000,-1,0.073336,-0.088621,0.124953,0.001344,-0.012121,-0.007126
"2019-05-06 15:56:10.301 +0000",1557158170.300542,0.181261,0.564895,0.008971,0.152264,-0.535327,-0.830807,0.000000,0.000000,0.000000,-1,0.040833,-0.037438,0.091254,0.003513,-0.035596,-0.009265
"2019-05-06 15:56:10.321 +0000",1557158170.320523,0.181504,0.566107,0.009990,0.152349,-0.536350,-0.830131,0.000000,0.000000,0.000000,-1,-0.000723,0.075485,0.025120,0.009104,-0.047146,-0.011238
"2019-05-06 15:56:10.341 +0000",1557158170.340504,0.184662,0.566206,0.008614,0.154959,-0.536434,-0.829594,0.000000,0.000000,0.000000,-1,-0.033140,0.117408,-0.105577,0.041543,-0.037632,0.016407
"2019-05-06 15:56:10.360 +0000",1557158170.360486,0.190749,0.565135,0.004659,0.160115,-0.535530,-0.829199,0.000000,0.000000,0.000000,-1,-0.012593,0.227058,-0.199807,0.065089,-0.015618,0.015783
"2019-05-06 15:56:10.380 +0000",1557158170.380468,0.199225,0.564668,-0.000985,0.167187,-0.535136,-0.828057,0.000000,0.000000,0.000000,-1,0.008261,0.168527,-0.171548,0.069538,-0.016317,0.011971
"2019-05-06 15:56:10.400 +0000",1557158170.400449,0.203236,0.564855,-0.003814,0.170487,-0.535293,-0.827282,0.000000,0.000000,0.000000,-1,0.045396,0.094858,-0.083283,0.060760,-0.002457,-0.010899
"2019-05-06 15:56:10.420 +0000",1557158170.420431,0.205772,0.565433,-0.005227,0.172521,-0.535781,-0.826544,0.000000,0.000000,0.000000,-1,0.059960,0.014857,0.019682,0.032786,0.000595,-0.049753
"2019-05-06 15:56:10.440 +0000",1557158170.440382,0.205212,0.566716,-0.004088,0.171918,-0.536865,-0.825967,0.000000,0.000000,0.000000,-1,0.050692,0.007262,0.080410,0.009402,0.018996,-0.069068
"2019-05-06 15:56:10.460 +0000",1557158170.460393,0.203867,0.566714,-0.001331,0.170807,-0.536863,-0.826198,0.000000,0.000000,0.000000,-1,0.071334,0.049505,0.140123,-0.005783,0.029249,-0.073613
"2019-05-06 15:56:10.480 +0000",1557158170.480375,0.203420,0.569324,0.002681,0.170155,-0.539063,-0.824899,0.000000,0.000000,0.000000,-1,0.108790,0.106510,0.225534,-0.017521,0.041733,-0.055502
"2019-05-06 15:56:10.500 +0000",1557158170.500328,0.202529,0.573210,0.008590,0.168997,-0.542332,-0.822992,0.000000,0.000000,0.000000,-1,0.161026,0.115663,0.313507,-0.029531,0.025166,-0.006964
"2019-05-06 15:56:10.520 +0000",1557158170.520314,0.199134,0.578006,0.016388,0.165685,-0.546355,-0.821002,0.000000,0.000000,0.000000,-1,0.186193,0.057100,0.350445,-0.035100,0.014983,0.004153
"2019-05-06 15:56:10.540 +0000",1557158170.540319,0.195464,0.582554,0.023482,0.162187,-0.550158,-0.819159,0.000000,0.000000,0.000000,-1,0.144893,-0.009613,0.317300,-0.045991,0.007724,0.017676
"2019-05-06 15:56:10.560 +0000",1557158170.560301,0.191934,0.585290,0.029286,0.159007,-0.552441,-0.818246,0.000000,0.000000,0.000000,-1,0.053229,-0.006981,0.232029,-0.053477,0.005673,0.024819
"2019-05-06 15:56:10.580 +0000",1557158170.580283,0.188502,0.586441,0.034492,0.156078,-0.553400,-0.818161,0.000000,0.000000,0.000000,-1,-0.019159,0.055057,0.149855,-0.048824,0.009210,0.025574
"2019-05-06 15:56:10.600 +0000",1557158170.600237,0.188761,0.585911,0.037037,0.156345,-0.552959,-0.818409,0.000000,0.000000,0.000000,-1,-0.057597,0.091509,0.074579,-0.041751,0.006511,0.025165
"2019-05-06 15:56:10.620 +0000",1557158170.620245,0.188867,0.584693,0.038631,0.156558,-0.551944,-0.819053,0.000000,0.000000,0.000000,-1,-0.079815,0.011978,0.047048,-0.037646,-0.004926,-0.006997
"2019-05-06 15:56:10.640 +0000",1557158170.640220,0.185515,0.583384,0.040982,0.153944,-0.550851,-0.820283,0.000000,0.000000,0.000000,-1,-0.075615,-0.060269,0.038977,-0.041960,-0.010138,-0.015762
"2019-05-06 15:56:10.660 +0000",1557158170.660199,0.184201,0.582442,0.041672,0.152962,-0.550065,-0.820994,0.000000,0.000000,0.000000,-1,-0.035709,-0.029465,0.004052,-0.045708,-0.006179,-0.024816
"2019-05-06 15:56:10.680 +0000",1557158170.680190,0.182789,0.582057,0.042186,0.151841,-0.549743,-0.821418,0.000000,0.000000,0.000000,-1,-0.002124,0.022588,-0.033180,-0.037186,-0.005280,-0.018518
"2019-05-06 15:56:10.700 +0000",1557158170.700156,0.183992,0.581920,0.041252,0.152843,-0.549629,-0.821308,0.000000,0.000000,0.000000,-1,-0.002024,0.033231,-0.039636,-0.033199,-0.003579,-0.013500
"2019-05-06 15:56:10.720 +0000",1557158170.720133,0.181532,0.582101,0.042548,0.150804,-0.549780,-0.821584,0.000000,0.000000,0.000000,-1,-0.007859,0.004411,-0.002189,-0.023500,-0.008722,-0.007884
"2019-05-06 15:56:10.740 +0000",1557158170.740134,0.178942,0.582926,0.044132,0.148594,-0.550469,-0.821525,0.000000,0.000000,0.000000,-1,0.010679,-0.039357,0.044130,-0.021855,-0.012565,0.001792
"2019-05-06 15:56:10.760 +0000",1557158170.760116,0.176466,0.584730,0.045794,0.146386,-0.551974,-0.820911,0.000000,0.000000,0.000000,-1,0.027794,-0.034098,0.041103,-0.015237,-0.017941,0.005894
"2019-05-06 15:56:10.780 +0000",1557158170.780098,0.174517,0.586341,0.046672,0.144631,-0.553317,-0.820318,0.000000,0.000000,0.000000,-1,0.004678,-0.060512,0.011144,-0.009164,-0.020276,0.004507
"2019-05-06 15:56:10.800 +0000",1557158170.800079,0.172861,0.586731,0.046798,0.143235,-0.553641,-0.820344,0.000000,0.000000,0.000000,-1,-0.022962,-0.085907,0.002452,0.001418,-0.012139,-0.002730
"2019-05-06 15:56:10.820 +0000",1557158170.820059,0.171096,0.586628,0.047132,0.141797,-0.553556,-0.820652,0.000000,0.000000,0.000000,-1,-0.009510,-0.093471,0.034632,0.011341,-0.008685,-0.006084
"2019-05-06 15:56:10.840 +0000",1557158170.840035,0.169367,0.587313,0.048081,0.140314,-0.554126,-0.820522,0.000000,0.000000,0.000000,-1,0.040338,-0.061807,0.059529,0.018317,-0.016674,0.002788
"2019-05-06 15:56:10.860 +0000",1557158170.860013,0.169466,0.589741,0.048196,0.140168,-0.556146,-0.819180,0.000000,0.000000,0.000000,-1,0.063120,-0.025654,0.033976,0.024002,-0.024085,0.008831
"2019-05-06 15:56:10.880 +0000",1557158170.880005,0.169818,0.591016,0.047577,0.140336,-0.557205,-0.818430,0.000000,0.000000,0.000000,-1,0.015818,-0.037034,-0.020876,0.026198,-0.023590,0.001734
"2019-05-06 15:56:10.900 +0000",1557158170.899987,0.170046,0.590610,0.046328,0.140561,-0.556868,-0.818621,0.000000,0.000000,0.000000,-1,-0.052167,-0.062271,-0.041752,0.028064,-0.012209,-0.018110
"2019-05-06 15:56:10.920 +0000",1557158170.919946,0.169977,0.588423,0.045414,0.140710,-0.555050,-0.819830,0.000000,0.000000,0.000000,-1,-0.058807,-0.046314,-0.015243,0.013038,0.005611,-0.042185
"2019-05-06 15:56:10.940 +0000",1557158170.939949,0.169748,0.587260,0.045699,0.140631,-0.554082,-0.820497,0.000000,0.000000,0.000000,-1,-0.005844,0.017172,0.021244,0.009210,0.004827,-0.036360
"2019-05-06 15:56:10.960 +0000",1557158170.959931,0.170256,0.587177,0.046347,0.141056,-0.554013,-0.820471,0.000000,0.000000,0.000000,-1,0.023864,0.046791,0.036335,0.002957,-0.002825,-0.030695
"2019-05-06 15:56:10.980 +0000",1557158170.979913,0.170471,0.587469,0.047322,0.141205,-0.554256,-0.820281,0.000000,0.000000,0.000000,-1,0.026006,0.054218,0.036319,-0.005951,-0.001072,-0.010239
"2019-05-06 15:56:11.000 +0000",1557158170.999892,0.170855,0.588017,0.048163,0.141468,-0.554712,-0.819928,0.000000,0.000000,0.000000,-1,0.028137,0.043593,0.034270,-0.005527,0.002161,-0.005435
"2019-05-06 15:56:11.020 +0000",1557158171.019872,0.170640,0.588542,0.049149,0.141242,-0.555149,-0.819671,0.000000,0.000000,0.000000,-1,0.020457,0.002149,0.045080,-0.004569,0.004413,-0.005036
"2019-05-06 15:56:11.040 +0000",1557158171.039857,0.168996,0.588691,0.050671,0.139881,-0.555273,-0.819820,0.000000,0.000000,0.000000,-1,0.009496,-0.036124,0.063304,-0.011325,0.008856,-0.001347
"2019-05-06 15:56:11.060 +0000",1557158171.059829,0.166982,0.589017,0.052530,0.138199,-0.555544,-0.819922,0.000000,0.000000,0.000000,-1,0.010468,-0.025537,0.072856,-0.013795,0.006105,-0.001733
"2019-05-06 15:56:11.080 +0000",1557158171.079799,0.165087,0.590305,0.054607,0.136528,-0.556614,-0.819476,0.000000,0.000000,0.000000,-1,0.034401,0.038223,0.040799,-0.015510,-0.006405,0.009478
"2019-05-06 15:56:11.100 +0000",1557158171.099802,0.165569,0.591538,0.054746,0.136809,-0.557638,-0.818732,0.000000,0.000000,0.000000,-1,0.035186,0.038414,-0.024243,-0.007475,-0.000253,0.009589
"2019-05-06 15:56:11.120 +0000",1557158171.119763,0.166929,0.590606,0.053777,0.138009,-0.556865,-0.819058,0.000000,0.000000,0.000000,-1,-0.033929,0.048194,-0.034656,0.002571,0.022227,-0.003635
"2019-05-06 15:56:11.140 +0000",1557158171.139765,0.168354,0.588126,0.054241,0.139407,-0.554803,-0.820219,0.000000,0.000000,0.000000,-1,-0.065916,0.062879,0.057687,0.014982,0.015969,-0.015138
"2019-05-06 15:56:11.160 +0000",1557158171.159746,0.168163,0.586963,0.056319,0.139358,-0.553835,-0.820882,0.000000,0.000000,0.000000,-1,-0.024864,0.023360,0.091415,0.005997,-0.007078,-0.031566
"2019-05-06 15:56:11.180 +0000",1557158171.179727,0.167518,0.586928,0.057886,0.138832,-0.553805,-0.820990,0.000000,0.000000,0.000000,-1,0.028020,0.035066,0.036476,-0.002403,-0.006238,-0.022363
"2019-05-06 15:56:11.200 +0000",1557158171.199710,0.169118,0.588000,0.057461,0.140045,-0.554698,-0.820181,0.000000,0.000000,0.000000,-1,0.057670,0.076617,-0.029549,0.004547,-0.006780,0.001151
"2019-05-06 15:56:11.220 +0000",1557158171.219677,0.172414,0.589486,0.056101,0.142606,-0.555934,-0.818902,0.000000,0.000000,0.000000,-1,0.024872,0.126669,-0.038720,0.007556,-0.006902,0.021524
"2019-05-06 15:56:11.240 +0000",1557158171.239672,0.175427,0.589025,0.054883,0.145118,-0.555550,-0.818721,0.000000,0.000000,0.000000,-1,-0.083813,0.089749,-0.058052,0.004769,-0.010429,0.033062
"2019-05-06 15:56:11.260 +0000",1557158171.259654,0.177281,0.585976,0.053881,0.146933,-0.553013,-0.820114,0.000000,0.000000,0.000000,-1,-0.167865,0.045414,-0.075792,0.014718,-0.012905,0.018478
"2019-05-06 15:56:11.280 +0000",1557158171.279620,0.178712,0.582973,0.052389,0.148401,-0.550508,-0.821534,0.000000,0.000000,0.000000,-1,-0.132812,-0.006730,-0.076187,0.017905,-0.021071,-0.018295
"2019-05-06 15:56:11.300 +0000",1557158171.299616,0.177549,0.581327,0.051605,0.147606,-0.549133,-0.822596,0.000000,0.000000,0.000000,-1,-0.037826,-0.134624,-0.024312,0.010780,-0.020996,-0.031667
"2019-05-06 15:56:11.320 +0000",1557158171.319598,0.173384,0.581751,0.051972,0.144138,-0.549488,-0.822975,0.000000,0.000000,0.000000,-1,0.048596,-0.212603,0.039990,-0.018192,-0.010464,-0.044259
"2019-05-06 15:56:11.340 +0000",1557158171.339555,0.168551,0.582980,0.053311,0.140046,-0.550514,-0.822996,0.000000,0.000000,0.000000,-1,0.072406,-0.107472,0.027945,-0.038956,-0.015236,-0.032550
"2019-05-06 15:56:11.360 +0000",1557158171.359560,0.168572,0.584127,0.052743,0.139957,-0.551471,-0.822369,0.000000,0.000000,0.000000,-1,0.049033,0.024533,-0.042363,-0.029361,-0.019863,-0.026340
"2019-05-06 15:56:11.380 +0000",1557158171.379543,0.169320,0.584373,0.050820,0.140549,-0.551677,-0.822131,0.000000,0.000000,0.000000,-1,0.014287,-0.066578,-0.093430,-0.021606,-0.027486,-0.027830
"2019-05-06 15:56:11.400 +0000",1557158171.399524,0.166683,0.583895,0.048732,0.138424,-0.551278,-0.822758,0.000000,0.000000,0.000000,-1,0.014072,-0.195183,-0.115448,-0.021756,0.002908,-0.034587
"2019-05-06 15:56:11.420 +0000",1557158171.419505,0.165169,0.584430,0.045625,0.137130,-0.551724,-0.822676,0.000000,0.000000,0.000000,-1,0.071930,-0.115628,-0.128051,-0.017806,0.009137,-0.029314
"2019-05-06 15:56:11.439 +0000",1557158171.439478,0.166743,0.585927,0.042117,0.138287,-0.552972,-0.821644,0.000000,0.000000,0.000000,-1,0.105335,0.030896,-0.132761,0.005557,0.006585,-0.010616
"2019-05-06 15:56:11.459 +0000",1557158171.459467,0.169514,0.587202,0.038713,0.140444,-0.554034,-0.820562,0.000000,0.000000,0.000000,-1,0.087939,0.011747,-0.107253,0.011533,0.006365,0.004186
"2019-05-06 15:56:11.479 +0000",1557158171.479491,0.170229,0.588386,0.036268,0.140920,-0.555019,-0.819814,0.000000,0.000000,0.000000,-1,0.068329,-0.056260,-0.083630,0.007167,0.010891,0.006185
"2019-05-06 15:56:11.499 +0000",1557158171.499413,0.170157,0.588783,0.033871,0.140823,-0.555349,-0.819607,0.000000,0.000000,0.000000,-1,0.047133,-0.074222,-0.096562,0.003937,0.016439,-0.000492
"2019-05-06 15:56:11.519 +0000",1557158171.519413,0.170701,0.589202,0.030951,0.141230,-0.555698,-0.819301,0.000000,0.000000,0.000000,-1,0.041146,-0.042251,-0.124532,0.011953,0.023304,-0.005254
"2019-05-06 15:56:11.539 +0000",1557158171.539395,0.172384,0.589009,0.027731,0.142627,-0.555538,-0.819167,0.000000,0.000000,0.000000,-1,0.059041,-0.014744,-0.102096,0.016247,0.031719,0.000747
"2019-05-06 15:56:11.559 +0000",1557158171.559378,0.173271,0.589985,0.025775,0.143260,-0.556348,-0.818507,0.000000,0.000000,0.000000,-1,0.058281,-0.000112,-0.054641,0.024572,0.024015,0.017329
"2019-05-06 15:56:11.579 +0000",1557158171.579359,0.176418,0.590476,0.023889,0.145787,-0.556757,-0.817783,0.000000,0.000000,0.000000,-1,0.041179,0.099733,-0.031926,0.034496,0.013071,0.023212
"2019-05-06 15:56:11.599 +0000",1557158171.599341,0.180917,0.591540,0.023349,0.149358,-0.557640,-0.816535,0.000000,0.000000,0.000000,-1,0.071004,0.256787,-0.002608,0.061702,0.006706,0.010490
"2019-05-06 15:56:11.619 +0000",1557158171.619321,0.188089,0.593160,0.021754,0.155041,-0.558984,-0.814555,0.000000,0.000000,0.000000,-1,0.067365,0.178133,0.020173,0.078769,-0.015403,0.002863
"2019-05-06 15:56:11.639 +0000",1557158171.639290,0.189255,0.593713,0.022495,0.155933,-0.559443,-0.814069,0.000000,0.000000,0.000000,-1,-0.009954,0.033793,0.044652,0.061673,-0.014380,-0.011050
"2019-05-06 15:56:11.659 +0000",1557158171.659255,0.190798,0.592704,0.022790,0.157296,-0.558606,-0.814381,0.000000,0.000000,0.000000,-1,-0.067418,0.038225,0.039722,0.049842,-0.011249,-0.014842
"2019-05-06 15:56:11.679 +0000",1557158171.679265,0.192260,0.591804,0.023735,0.158582,-0.557859,-0.814644,0.000000,0.000000,0.000000,-1,-0.031895,0.133777,0.026786,0.046969,-0.004580,-0.007377
"2019-05-06 15:56:11.699 +0000",1557158171.699226,0.194839,0.592202,0.024478,0.160640,-0.558189,-0.814015,0.000000,0.000000,0.000000,-1,0.037126,0.143087,0.047755,0.032613,0.000816,0.007282
"2019-05-06 15:56:11.719 +0000",1557158171.719228,0.195840,0.593556,0.026133,0.161308,-0.559312,-0.813111,0.000000,0.000000,0.000000,-1,0.044173,0.014221,0.131494,0.018670,-0.000167,0.002641
"2019-05-06 15:56:11.739 +0000",1557158171.739210,0.191979,0.594426,0.030522,0.158074,-0.560033,-0.813250,0.000000,0.000000,0.000000,-1,-0.015694,-0.110161,0.214708,-0.005501,-0.002390,-0.009840
"2019-05-06 15:56:11.759 +0000",1557158171.759191,0.186403,0.594463,0.036029,0.153532,-0.560064,-0.814099,0.000000,0.000000,0.000000,-1,-0.046685,-0.119656,0.220819,-0.037062,-0.003108,-0.025699
"2019-05-06 15:56:11.779 +0000",1557158171.779172,0.180522,0.594188,0.041682,0.148770,-0.559836,-0.815139,0.000000,0.000000,0.000000,-1,-0.022525,-0.046288,0.173760,-0.033383,-0.002801,-0.025285
"2019-05-06 15:56:11.799 +0000",1557158171.799154,0.178764,0.594658,0.045124,0.147290,-0.560225,-0.815140,0.000000,0.000000,0.000000,-1,0.004800,0.034504,0.130955,-0.036099,-0.001161,-0.021530
"2019-05-06 15:56:11.819 +0000",1557158171.819137,0.178089,0.595280,0.048314,0.146678,-0.560741,-0.814896,0.000000,0.000000,0.000000,-1,0.005841,0.057853,0.137235,-0.025371,-0.000950,-0.014801
"2019-05-06 15:56:11.839 +0000",1557158171.839102,0.177043,0.595561,0.051551,0.145798,-0.560973,-0.814894,0.000000,0.000000,0.000000,-1,-0.019781,0.021810,0.135021,-0.019867,-0.008134,-0.011507
"2019-05-06 15:56:11.859 +0000",1557158171.859085,0.174953,0.595555,0.055145,0.144095,-0.560968,-0.815200,0.000000,0.000000,0.000000,-1,-0.028632,-0.021779,0.154361,-0.014410,-0.014944,-0.029618
"2019-05-06 15:56:11.879 +0000",1557158171.879080,0.171335,0.595826,0.059168,0.141118,-0.561192,-0.815567,0.000000,0.000000,0.000000,-1,-0.002615,-0.093200,0.176951,-0.022161,-0.027171,-0.045243
"2019-05-06 15:56:11.899 +0000",1557158171.899040,0.165091,0.596870,0.064219,0.135927,-0.562056,-0.815853,0.000000,0.000000,0.000000,-1,0.051728,-0.119897,0.171302,-0.024080,-0.022371,-0.045734
"2019-05-06 15:56:11.919 +0000",1557158171.919041,0.160000,0.599258,0.068451,0.131557,-0.564030,-0.815208,0.000000,0.000000,0.000000,-1,0.090975,-0.011493,0.116753,-0.019329,-0.010830,-0.008950
"2019-05-06 15:56:11.939 +0000",1557158171.939026,0.159877,0.602167,0.070698,0.131195,-0.566430,-0.813600,0.000000,0.000000,0.000000,-1,0.046798,0.109805,0.092136,-0.003006,-0.011710,0.018358
"2019-05-06 15:56:11.959 +0000",1557158171.958995,0.160802,0.603561,0.073200,0.131822,-0.567578,-0.812698,0.000000,0.000000,0.000000,-1,-0.009106,0.084347,0.130055,0.008238,-0.019306,0.026565
"2019-05-06 15:56:11.979 +0000",1557158171.978966,0.158432,0.604134,0.077133,0.129844,-0.568050,-0.812687,0.000000,0.000000,0.000000,-1,0.019769,-0.065677,0.182394,-0.001761,-0.023442,0.019001
"2019-05-06 15:56:11.999 +0000",1557158171.998971,0.153061,0.606851,0.081634,0.125242,-0.570283,-0.811844,0.000000,0.000000,0.000000,-1,0.087749,-0.156165,0.183644,-0.016157,-0.019499,0.005021
"2019-05-06 15:56:12.019 +0000",1557158172.018951,0.148286,0.609348,0.084961,0.121152,-0.572333,-0.811022,0.000000,0.000000,0.000000,-1,0.102309,-0.124173,0.130304,-0.022733,-0.019510,-0.004499
"2019-05-06 15:56:12.039 +0000",1557158172.038933,0.144602,0.611565,0.087179,0.117981,-0.574149,-0.810206,0.000000,0.000000,0.000000,-1,0.056415,-0.065439,0.046974,-0.021865,-0.018609,-0.013952
"2019-05-06 15:56:12.059 +0000",1557158172.058908,0.143687,0.611987,0.086910,0.117205,-0.574495,-0.810073,0.000000,0.000000,0.000000,-1,0.005296,-0.051223,-0.041115,-0.011172,-0.002776,-0.018280
"2019-05-06 15:56:12.079 +0000",1557158172.078895,0.143952,0.611408,0.085136,0.117467,-0.574021,-0.810371,0.000000,0.000000,0.000000,-1,-0.029227,-0.026548,-0.089622,-0.006169,0.003327,-0.018364
"2019-05-06 15:56:12.099 +0000",1557158172.098877,0.144391,0.609544,0.083248,0.117977,-0.572494,-0.811377,0.000000,0.000000,0.000000,-1,-0.053784,-0.026495,-0.085626,0.000645,0.009902,-0.019891
"2019-05-06 15:56:12.119 +0000",1557158172.118832,0.144534,0.606767,0.081761,0.118321,-0.570215,-0.812930,0.000000,0.000000,0.000000,-1,-0.061460,-0.028651,-0.068636,0.001460,0.015725,-0.017697
"2019-05-06 15:56:12.139 +0000",1557158172.138839,0.144639,0.605874,0.080411,0.118480,-0.569480,-0.813422,0.000000,0.000000,0.000000,-1,-0.020032,-0.035165,-0.059613,0.000950,0.015479,-0.012903
"2019-05-06 15:56:12.159 +0000",1557158172.158823,0.144952,0.605828,0.079201,0.118738,-0.569443,-0.813410,0.000000,0.000000,0.000000,-1,0.019235,-0.004520,-0.041222,0.001379,0.017944,-0.001379
"2019-05-06 15:56:12.179 +0000",1557158172.178801,0.146564,0.606166,0.078116,0.120021,-0.569721,-0.813027,0.000000,0.000000,0.000000,-1,0.059538,0.048414,-0.016546,0.008168,0.014072,0.029290
"2019-05-06 15:56:12.199 +0000",1557158172.198785,0.147549,0.607371,0.077646,0.120721,-0.570711,-0.812229,0.000000,0.000000,0.000000,-1,0.057040,0.014378,-0.007083,0.006431,0.005617,0.035496
"2019-05-06 15:56:12.219 +0000",1557158172.218767,0.146758,0.607923,0.077288,0.120032,-0.571164,-0.812012,0.000000,0.000000,0.000000,-1,0.006847,-0.091689,-0.016645,0.014550,0.001813,0.024018
"2019-05-06 15:56:12.239 +0000",1557158172.238748,0.145105,0.607040,0.076501,0.118763,-0.570439,-0.812709,0.000000,0.000000,0.000000,-1,-0.065580,-0.126522,-0.024714,0.009747,0.006367,-0.003087
"2019-05-06 15:56:12.259 +0000",1557158172.258703,0.143657,0.604394,0.076206,0.117801,-0.568263,-0.814371,0.000000,0.000000,0.000000,-1,-0.079495,-0.068102,-0.009196,0.005566,0.001216,-0.022284
"2019-05-06 15:56:12.279 +0000",1557158172.278690,0.142550,0.602589,0.076612,0.117045,-0.566778,-0.815514,0.000000,0.000000,0.000000,-1,-0.038304,-0.041759,0.025236,0.004705,-0.007166,-0.025749
"2019-05-06 15:56:12.299 +0000",1557158172.298692,0.141035,0.602560,0.077563,0.115812,-0.566754,-0.815707,0.000000,0.000000,0.000000,-1,0.033924,-0.049443,0.042069,-0.001478,-0.012684,-0.023847
"2019-05-06 15:56:12.319 +0000",1557158172.318647,0.139845,0.603563,0.078247,0.114762,-0.567580,-0.815281,0.000000,0.000000,0.000000,-1,0.044833,-0.020742,0.026033,-0.003144,-0.011629,-0.016033
"2019-05-06 15:56:12.339 +0000",1557158172.338652,0.140230,0.604262,0.078274,0.115021,-0.568155,-0.814844,0.000000,0.000000,0.000000,-1,-0.006723,0.042204,-0.016473,0.002808,-0.019965,0.001367
"2019-05-06 15:56:12.359 +0000",1557158172.358625,0.141708,0.603418,0.077589,0.116293,-0.567460,-0.815147,0.000000,0.000000,0.000000,-1,-0.049240,0.046595,-0.039564,0.009958,-0.018645,0.001869
"2019-05-06 15:56:12.379 +0000",1557158172.378618,0.142500,0.603114,0.076663,0.116962,-0.567210,-0.815226,0.000000,0.000000,0.000000,-1,-0.021999,-0.043840,-0.017436,0.005886,-0.009542,-0.004461
"2019-05-06 15:56:12.399 +0000",1557158172.398600,0.140959,0.603220,0.076768,0.115697,-0.567297,-0.815345,0.000000,0.000000,0.000000,-1,0.030920,-0.060000,0.008830,-0.003484,0.000769,-0.001671
"2019-05-06 15:56:12.419 +0000",1557158172.418581,0.140403,0.604658,0.077172,0.115130,-0.568481,-0.814601,0.000000,0.000000,0.000000,-1,0.051348,0.033422,0.010672,-0.005862,-0.007798,0.008952
"2019-05-06 15:56:12.439 +0000",1557158172.438563,0.142058,0.606756,0.076858,0.116309,-0.570205,-0.813227,0.000000,0.000000,0.000000,-1,0.014570,0.083550,-0.022002,-0.000861,-0.022202,0.015497
"2019-05-06 15:56:12.459 +0000",1557158172.458544,0.143279,0.607594,0.075876,0.117234,-0.570894,-0.812611,0.000000,0.000000,0.000000,-1,-0.044953,-0.014996,-0.050903,-0.002045,-0.022673,0.005741
"2019-05-06 15:56:12.479 +0000",1557158172.478505,0.140344,0.606550,0.075768,0.114932,-0.570036,-0.813541,0.000000,0.000000,0.000000,-1,-0.055763,-0.119065,-0.056838,-0.031756,-0.011324,-0.019894
"2019-05-06 15:56:12.499 +0000",1557158172.498508,0.138706,0.606374,0.074477,0.113612,-0.569891,-0.813828,0.000000,0.000000,0.000000,-1,0.055898,-0.015107,-0.109506,-0.038951,-0.002573,-0.013534
"2019-05-06 15:56:12.518 +0000",1557158172.518490,0.140954,0.607940,0.071205,0.115316,-0.571178,-0.812686,0.000000,0.000000,0.000000,-1,0.077922,0.087996,-0.166613,-0.012685,-0.003224,0.012179
"2019-05-06 15:56:12.538 +0000",1557158172.538461,0.143494,0.607607,0.068210,0.117407,-0.570904,-0.812578,0.000000,0.000000,0.000000,-1,-0.077608,-0.011649,-0.097383,-0.002188,-0.004505,0.000979
"2019-05-06 15:56:12.558 +0000",1557158172.558451,0.142098,0.604014,0.067157,0.116562,-0.567951,-0.814767,0.000000,0.000000,0.000000,-1,-0.168884,-0.123065,-0.058309,-0.004395,0.010730,-0.009284
"2019-05-06 15:56:12.578 +0000",1557158172.578434,0.139818,0.600070,0.066757,0.115016,-0.564701,-0.817242,0.000000,0.000000,0.000000,-1,-0.106080,-0.078657,-0.046134,-0.006602,0.011982,-0.018024
"2019-05-06 15:56:12.598 +0000",1557158172.598415,0.140135,0.598919,0.065670,0.115365,-0.563750,-0.817849,0.000000,0.000000,0.000000,-1,0.012460,0.013463,-0.052807,0.011191,0.007308,-0.005744
"2019-05-06 15:56:12.618 +0000",1557158172.618397,0.141972,0.599572,0.063870,0.116815,-0.564289,-0.817271,0.000000,0.000000,0.000000,-1,0.038022,0.011271,-0.052516,0.025397,-0.006451,0.013545
"2019-05-06 15:56:12.638 +0000",1557158172.638379,0.141198,0.599590,0.063007,0.116182,-0.564304,-0.817351,0.000000,0.000000,0.000000,-1,-0.019082,-0.121452,-0.023614,0.027495,-0.009838,0.011015
"2019-05-06 15:56:12.658 +0000",1557158172.658360,0.138005,0.598495,0.062757,0.113656,-0.563400,-0.818329,0.000000,0.000000,0.000000,-1,-0.031283,-0.187366,0.004344,0.015281,0.012191,-0.005798
"2019-05-06 15:56:12.678 +0000",1557158172.678321,0.135409,0.598345,0.063023,0.111543,-0.563275,-0.818706,0.000000,0.000000,0.000000,-1,0.001773,-0.067467,0.008028,0.016051,0.018949,0.008342
"2019-05-06 15:56:12.698 +0000",1557158172.698298,0.137616,0.598566,0.061883,0.113332,-0.563459,-0.818334,0.000000,0.000000,0.000000,-1,-0.001214,0.018603,0.006446,0.042872,-0.006411,0.015523
"2019-05-06 15:56:12.718 +0000",1557158172.718305,0.138562,0.597840,0.061171,0.114163,-0.562858,-0.818631,0.000000,0.000000,0.000000,-1,-0.076195,-0.102325,0.018017,0.028705,-0.009270,-0.010531
"2019-05-06 15:56:12.738 +0000",1557158172.738271,0.134715,0.594653,0.061958,0.111253,-0.560221,-0.820838,0.000000,0.000000,0.000000,-1,-0.125756,-0.233981,0.039529,0.015105,0.000697,-0.044625
"2019-05-06 15:56:12.758 +0000",1557158172.758262,0.129316,0.592698,0.063013,0.106961,-0.558601,-0.822511,0.000000,0.000000,0.000000,-1,-0.076464,-0.207500,0.020727,-0.002515,0.008140,-0.046019
"2019-05-06 15:56:12.778 +0000",1557158172.778249,0.127881,0.591702,0.063234,0.105851,-0.557774,-0.823215,0.000000,0.000000,0.000000,-1,0.020199,0.024955,-0.001895,0.002502,0.013783,-0.030880
"2019-05-06 15:56:12.798 +0000",1557158172.798230,0.130112,0.592468,0.062933,0.107632,-0.558410,-0.822553,0.000000,0.000000,0.000000,-1,0.036478,0.118419,-0.009699,0.026875,-0.006715,-0.006319
"2019-05-06 15:56:12.818 +0000",1557158172.818211,0.132046,0.592424,0.062624,0.109226,-0.558373,-0.822368,0.000000,0.000000,0.000000,-1,-0.042897,0.012329,0.015610,0.024593,-0.014442,-0.008336
"2019-05-06 15:56:12.838 +0000",1557158172.838193,0.130249,0.590770,0.063702,0.107868,-0.557000,-0.823477,0.000000,0.000000,0.000000,-1,-0.104328,-0.087447,0.040778,0.005505,-0.007239,-0.019586
"2019-05-06 15:56:12.858 +0000",1557158172.858174,0.128194,0.588766,0.064955,0.106317,-0.555335,-0.824803,0.000000,0.000000,0.000000,-1,-0.074162,-0.026926,0.023712,-0.006311,0.000632,-0.018230
"2019-05-06 15:56:12.878 +0000",1557158172.878155,0.128706,0.588074,0.065213,0.106789,-0.554759,-0.825129,0.000000,0.000000,0.000000,-1,-0.018232,0.063303,-0.003902,-0.009911,0.000499,-0.008428
"2019-05-06 15:56:12.898 +0000",1557158172.898109,0.130296,0.586993,0.064717,0.108179,-0.553860,-0.825552,0.000000,0.000000,0.000000,-1,-0.082832,0.062516,-0.036600,0.000067,-0.008427,0.034445
"2019-05-06 15:56:12.918 +0000",1557158172.918116,0.130962,0.584901,0.064339,0.108880,-0.552117,-0.826627,0.000000,0.000000,0.000000,-1,-0.155659,-0.031877,-0.021947,0.000754,-0.009498,0.023588
"2019-05-06 15:56:12.938 +0000",1557158172.938100,0.128943,0.581538,0.064740,0.107449,-0.549310,-0.828682,0.000000,0.000000,0.000000,-1,-0.162517,-0.108421,0.002930,-0.006191,-0.003135,-0.010704
"2019-05-06 15:56:12.958 +0000",1557158172.958075,0.126453,0.579187,0.065305,0.105548,-0.547344,-0.830225,0.000000,0.000000,0.000000,-1,-0.087948,-0.096947,0.005819,-0.011538,0.001110,-0.017522
"2019-05-06 15:56:12.978 +0000",1557158172.978061,0.124564,0.578205,0.065856,0.104046,-0.546521,-0.830957,0.000000,0.000000,0.000000,-1,-0.011031,-0.028093,0.000952,-0.019497,0.000776,-0.015708
"2019-05-06 15:56:12.998 +0000",1557158172.998043,0.123150,0.578897,0.066595,0.102825,-0.547101,-0.830727,0.000000,0.000000,0.000000,-1,0.038756,-0.013360,0.012828,-0.012249,-0.009112,0.002114
"2019-05-06 15:56:13.018 +0000",1557158173.018015,0.121897,0.580355,0.066652,0.101686,-0.548320,-0.830063,0.000000,0.000000,0.000000,-1,0.043240,-0.068529,-0.015610,-0.002443,-0.008930,0.002686
"2019-05-06 15:56:13.038 +0000",1557158173.038006,0.121661,0.581282,0.064792,0.101429,-0.549096,-0.829582,0.000000,0.000000,0.000000,-1,0.090161,-0.165256,-0.036959,0.037792,0.014825,0.002448
"2019-05-06 15:56:13.058 +0000",1557158173.057968,0.117907,0.584184,0.063272,0.098126,-0.551519,-0.828371,0.000000,0.000000,0.000000,-1,0.214643,-0.353827,0.031569,0.042392,0.005208,0.007280
"2019-05-06 15:56:13.078 +0000",1557158173.077943,0.107434,0.589190,0.065934,0.089148,-0.555688,-0.826598,0.000000,0.000000,0.000000,-1,0.226141,-0.478676,0.205152,0.023233,0.001672,0.010344
"2019-05-06 15:56:13.098 +0000",1557158173.097925,0.095217,0.592843,0.071856,0.078849,-0.558721,-0.825599,0.000000,0.000000,0.000000,-1,0.113566,-0.424401,0.274001,-0.013557,-0.002787,-0.003060
"2019-05-06 15:56:13.118 +0000",1557158173.117932,0.084044,0.595098,0.077702,0.069514,-0.560590,-0.825171,0.000000,0.000000,0.000000,-1,0.083901,-0.316777,0.190964,-0.037806,-0.022875,-0.010599
"2019-05-06 15:56:13.138 +0000",1557158173.137900,0.078549,0.598136,0.080034,0.064845,-0.563103,-0.823838,0.000000,0.000000,0.000000,-1,0.129053,-0.092236,0.020653,-0.022731,-0.019004,0.008531
"2019-05-06 15:56:13.158 +0000",1557158173.157889,0.080371,0.600585,0.078166,0.066235,-0.565125,-0.822342,0.000000,0.000000,0.000000,-1,0.113957,0.091978,-0.108508,-0.005734,-0.013992,0.016220
"2019-05-06 15:56:13.178 +0000",1557158173.177877,0.083856,0.601117,0.074945,0.069075,-0.565564,-0.821806,0.000000,0.000000,0.000000,-1,-0.023224,0.056316,-0.136478,0.026430,-0.011493,0.025084
"2019-05-06 15:56:13.198 +0000",1557158173.197847,0.085833,0.598998,0.071714,0.070802,-0.563815,-0.822861,0.000000,0.000000,0.000000,-1,-0.159072,-0.067672,-0.113824,0.019865,-0.008573,0.014999
"2019-05-06 15:56:13.218 +0000",1557158173.217840,0.085072,0.595611,0.069426,0.070339,-0.561015,-0.824812,0.000000,0.000000,0.000000,-1,-0.143174,-0.103835,-0.113449,0.004674,0.001566,-0.010744
"2019-05-06 15:56:13.238 +0000",1557158173.237823,0.085163,0.593031,0.066466,0.070536,-0.558877,-0.826245,0.000000,0.000000,0.000000,-1,-0.048718,-0.029594,-0.158679,-0.009623,0.004662,-0.032885
"2019-05-06 15:56:13.258 +0000",1557158173.257776,0.088176,0.592354,0.062395,0.073058,-0.558316,-0.826405,0.000000,0.000000,0.000000,-1,-0.010015,0.070192,-0.169471,-0.023071,0.013913,-0.034358
"2019-05-06 15:56:13.278 +0000",1557158173.277785,0.090622,0.591035,0.059673,0.075146,-0.557221,-0.826957,0.000000,0.000000,0.000000,-1,-0.044784,0.070113,-0.113329,-0.025113,0.002335,-0.028908
"2019-05-06 15:56:13.298 +0000",1557158173.297769,0.091674,0.589460,0.058115,0.076096,-0.555912,-0.827750,0.000000,0.000000,0.000000,-1,-0.083015,-0.031948,-0.053462,-0.025925,0.002049,-0.030816
"2019-05-06 15:56:13.318 +0000",1557158173.317748,0.090619,0.588118,0.057229,0.075290,-0.554796,-0.828572,0.000000,0.000000,0.000000,-1,-0.041740,-0.089463,-0.040959,-0.034214,0.006273,-0.035075
"2019-05-06 15:56:13.338 +0000",1557158173.337729,0.088907,0.587746,0.056902,0.073890,-0.554487,-0.828906,0.000000,0.000000,0.000000,-1,0.043722,-0.010012,-0.045789,-0.032386,0.006849,-0.024594
"2019-05-06 15:56:13.358 +0000",1557158173.357712,0.090562,0.589037,0.055689,0.075197,-0.555560,-0.828069,0.000000,0.000000,0.000000,-1,0.074773,0.071696,-0.043768,-0.015917,-0.000821,0.013585
"2019-05-06 15:56:13.378 +0000",1557158173.377683,0.092539,0.591043,0.054152,0.076731,-0.557228,-0.826807,0.000000,0.000000,0.000000,-1,0.031118,0.010241,-0.056705,0.007039,-0.018410,0.026773
"2019-05-06 15:56:13.398 +0000",1557158173.397672,0.092447,0.590194,0.052416,0.076699,-0.556522,-0.827285,0.000000,0.000000,0.000000,-1,-0.079521,-0.081788,-0.087271,0.011757,-0.015972,0.026107
"2019-05-06 15:56:13.418 +0000",1557158173.417655,0.091639,0.587243,0.050316,0.076180,-0.554068,-0.828979,0.000000,0.000000,0.000000,-1,-0.166724,-0.100622,-0.104121,0.015449,-0.005503,0.012466
"2019-05-06 15:56:13.438 +0000",1557158173.437619,0.091876,0.583665,0.048017,0.076558,-0.551086,-0.830929,0.000000,0.000000,0.000000,-1,-0.160496,-0.065640,-0.083986,0.022823,-0.000642,-0.009220
"2019-05-06 15:56:13.458 +0000",1557158173.457619,0.091233,0.581314,0.046968,0.076141,-0.549122,-0.832266,0.000000,0.000000,0.000000,-1,-0.079014,-0.057507,-0.036212,0.024521,-0.003063,-0.021631
"2019-05-06 15:56:13.478 +0000",1557158173.477575,0.090919,0.580413,0.046491,0.075925,-0.548369,-0.832783,0.000000,0.000000,0.000000,-1,0.001445,-0.052543,0.007300,0.019198,-0.012925,-0.026623
"2019-05-06 15:56:13.498 +0000",1557158173.497571,0.089822,0.580971,0.046873,0.074984,-0.548836,-0.832560,0.000000,0.000000,0.000000,-1,0.036479,-0.037806,0.020401,0.006452,-0.019112,-0.025762
"2019-05-06 15:56:13.518 +0000",1557158173.517563,0.089027,0.581823,0.047286,0.074280,-0.549548,-0.832154,0.000000,0.000000,0.000000,-1,0.029092,-0.018657,0.018081,0.001785,-0.020917,-0.024780
"2019-05-06 15:56:13.538 +0000",1557158173.537539,0.088861,0.582389,0.047529,0.074114,-0.550021,-0.831856,0.000000,0.000000,0.000000,-1,0.030344,0.007931,0.007283,-0.008029,-0.023633,-0.013237
"2019-05-06 15:56:13.557 +0000",1557158173.557498,0.088771,0.583868,0.047596,0.073968,-0.551255,-0.831051,0.000000,0.000000,0.000000,-1,0.062469,0.006820,-0.006220,-0.004342,-0.026168,-0.007099
"2019-05-06 15:56:13.577 +0000",1557158173.577497,0.088739,0.585844,0.047169,0.073844,-0.552903,-0.829967,0.000000,0.000000,0.000000,-1,0.122930,-0.025146,-0.010076,-0.001044,-0.023559,-0.004048
"2019-05-06 15:56:13.597 +0000",1557158173.597474,0.087563,0.590331,0.047120,0.072651,-0.556636,-0.827573,0.000000,0.000000,0.000000,-1,0.167283,-0.064653,0.016227,-0.008015,-0.019261,-0.006625
"2019-05-06 15:56:13.617 +0000",1557158173.617448,0.083939,0.595102,0.048555,0.069428,-0.560594,-0.825176,0.000000,0.000000,0.000000,-1,0.198664,-0.107361,0.057337,-0.019501,-0.023543,-0.008046
"2019-05-06 15:56:13.637 +0000",1557158173.637432,0.079480,0.600551,0.050702,0.065504,-0.565097,-0.822420,0.000000,0.000000,0.000000,-1,0.246543,-0.106452,0.063195,-0.021864,-0.018643,-0.005919
"2019-05-06 15:56:13.657 +0000",1557158173.657435,0.076591,0.606744,0.051700,0.062859,-0.570195,-0.819101,0.000000,0.000000,0.000000,-1,0.276130,-0.037319,0.007685,-0.017128,-0.013072,-0.003897
"2019-05-06 15:56:13.677 +0000",1557158173.677411,0.076387,0.611983,0.051014,0.062463,-0.574492,-0.816124,0.000000,0.000000,0.000000,-1,0.185242,0.010889,-0.044768,-0.006936,-0.011034,0.005394
"2019-05-06 15:56:13.697 +0000",1557158173.697398,0.077787,0.613741,0.049547,0.063527,-0.575930,-0.815027,0.000000,0.000000,0.000000,-1,0.020228,0.021986,-0.053040,0.002605,-0.006788,-0.008032
"2019-05-06 15:56:13.717 +0000",1557158173.717380,0.078307,0.612779,0.048462,0.063994,-0.575143,-0.815546,0.000000,0.000000,0.000000,-1,-0.058907,-0.027774,-0.037638,0.006929,-0.006019,-0.011587
"2019-05-06 15:56:13.737 +0000",1557158173.737338,0.078304,0.611552,0.047474,0.064047,-0.574139,-0.816249,0.000000,0.000000,0.000000,-1,-0.005521,-0.028951,-0.047710,0.000162,0.007031,-0.018071
"2019-05-06 15:56:13.757 +0000",1557158173.757342,0.079258,0.612016,0.045764,0.064804,-0.574519,-0.815922,0.000000,0.000000,0.000000,-1,0.067444,0.024069,-0.081328,-0.002258,0.006663,-0.011517
"2019-05-06 15:56:13.777 +0000",1557158173.777324,0.081863,0.612908,0.043176,0.066888,-0.575249,-0.815239,0.000000,0.000000,0.000000,-1,0.044274,0.051806,-0.098801,0.008079,0.006539,0.015770
"2019-05-06 15:56:13.797 +0000",1557158173.797299,0.085288,0.612646,0.040397,0.069692,-0.575034,-0.815155,0.000000,0.000000,0.000000,-1,-0.035871,0.037103,-0.081473,0.018184,0.005271,0.001374
"2019-05-06 15:56:13.817 +0000",1557158173.817285,0.086702,0.610746,0.038589,0.070939,-0.573478,-0.816143,0.000000,0.000000,0.000000,-1,-0.100222,-0.019099,-0.056275,0.020187,0.003227,-0.003620
"2019-05-06 15:56:13.837 +0000",1557158173.837269,0.087438,0.608093,0.037235,0.071673,-0.571303,-0.817604,0.000000,0.000000,0.000000,-1,-0.094208,-0.043627,-0.029415,0.015806,0.003920,-0.010598
"2019-05-06 15:56:13.857 +0000",1557158173.857181,0.087204,0.606121,0.036734,0.071579,-0.569684,-0.818741,0.000000,0.000000,0.000000,-1,-0.048597,-0.038490,-0.011880,0.005905,0.003857,-0.016769
"2019-05-06 15:56:13.877 +0000",1557158173.877176,0.086669,0.605316,0.036621,0.071181,-0.569022,-0.819236,0.000000,0.000000,0.000000,-1,-0.019903,-0.022660,-0.003121,0.002825,-0.001886,-0.017358
"2019-05-06 15:56:13.897 +0000",1557158173.897140,0.086776,0.604687,0.036566,0.071299,-0.568504,-0.819585,0.000000,0.000000,0.000000,-1,-0.020880,0.016650,-0.003350,0.002264,-0.008202,-0.013164
"2019-05-06 15:56:13.917 +0000",1557158173.917136,0.087764,0.604272,0.036278,0.072130,-0.568163,-0.819749,0.000000,0.000000,0.000000,-1,-0.032470,0.033703,-0.011038,0.006148,-0.009946,-0.005386
"2019-05-06 15:56:13.937 +0000",1557158173.937114,0.088925,0.603580,0.035782,0.073116,-0.567593,-0.820056,0.000000,0.000000,0.000000,-1,-0.044060,0.039076,-0.020793,0.008579,-0.009555,-0.001248
"2019-05-06 15:56:13.957 +0000",1557158173.957093,0.090804,0.602939,0.035001,0.074690,-0.567066,-0.820279,0.000000,0.000000,0.000000,-1,-0.039892,0.042229,-0.012235,0.008943,-0.003506,-0.001956
"2019-05-06 15:56:13.977 +0000",1557158173.977070,0.091484,0.602294,0.034949,0.075282,-0.566534,-0.820592,0.000000,0.000000,0.000000,-1,-0.022101,0.014496,0.009442,0.005025,-0.003748,-0.008647
"2019-05-06 15:56:13.997 +0000",1557158173.997046,0.091565,0.602105,0.035361,0.075358,-0.566379,-0.820693,0.000000,0.000000,0.000000,-1,0.007655,0.028198,0.018225,0.001379,-0.005398,-0.015794
"2019-05-06 15:56:14.017 +0000",1557158174.017027,0.092265,0.602290,0.035897,0.075922,-0.566531,-0.820536,0.000000,0.000000,0.000000,-1,0.104890,0.105512,0.008201,-0.007731,0.009997,-0.029242
"2019-05-06 15:56:14.037 +0000",1557158174.037005,0.095935,0.604474,0.036776,0.078814,-0.568329,-0.819018,0.000000,0.000000,0.000000,-1,0.221671,0.317437,0.080829,-0.003909,0.021714,-0.032087
"2019-05-06 15:56:14.057 +0000",1557158174.057009,0.102941,0.609514,0.040532,0.084255,-0.572469,-0.815586,0.000000,0.000000,0.000000,-1,0.305372,0.500505,0.241768,0.003528,0.029866,-0.043468
"2019-05-06 15:56:14.077 +0000",1557158174.076991,0.109627,0.616843,0.047349,0.089245,-0.578463,-0.810812,0.000000,0.000000,0.000000,-1,0.397851,0.536032,0.354564,0.006718,-0.003049,-0.034525
"2019-05-06 15:56:14.097 +0000",1557158174.096969,0.115064,0.626641,0.055325,0.092997,-0.586427,-0.804646,0.000000,0.000000,0.000000,-1,0.507103,0.497390,0.387971,-0.003107,0.005739,-0.035091
"2019-05-06 15:56:14.117 +0000",1557158174.116953,0.122692,0.640874,0.063373,0.098100,-0.597896,-0.795548,0.000000,0.000000,0.000000,-1,0.784247,0.721760,0.417501,-0.025316,0.015712,-0.033065
"2019-05-06 15:56:14.137 +0000",1557158174.136935,0.133786,0.661376,0.071428,0.105262,-0.614203,-0.782096,0.000000,0.000000,0.000000,-1,1.083187,0.804714,0.469382,-0.006721,0.005118,-0.029977
"2019-05-06 15:56:14.157 +0000",1557158174.156892,0.143396,0.686437,0.079422,0.110538,-0.633785,-0.765570,0.000000,0.000000,0.000000,-1,1.242590,0.677831,0.480367,0.011380,-0.007054,0.003089
"2019-05-06 15:56:14.177 +0000",1557158174.176895,0.150810,0.711612,0.085710,0.113778,-0.653055,-0.748714,0.000000,0.000000,0.000000,-1,1.162436,0.497761,0.379172,0.007270,-0.003149,-0.003010
"2019-05-06 15:56:14.197 +0000",1557158174.196880,0.156832,0.732461,0.088881,0.116132,-0.668702,-0.734406,0.000000,0.000000,0.000000,-1,0.899971,0.366200,0.208518,-0.004041,-0.034118,0.021042
"2019-05-06 15:56:14.217 +0000",1557158174.216839,0.164496,0.746334,0.087982,0.120226,-0.678952,-0.724272,0.000000,0.000000,0.000000,-1,0.560494,0.364574,-0.002094,-0.003512,-0.001483,0.034804
"2019-05-06 15:56:14.237 +0000",1557158174.236841,0.175829,0.752941,0.083944,0.127639,-0.683788,-0.718431,0.000000,0.000000,0.000000,-1,0.237221,0.477357,-0.121447,-0.001968,0.006801,0.031236
"2019-05-06 15:56:14.257 +0000",1557158174.256824,0.189130,0.755117,0.080235,0.136904,-0.685374,-0.715207,0.000000,0.000000,0.000000,-1,0.077098,0.539295,-0.084090,-0.000002,0.014475,0.019421
"2019-05-06 15:56:14.277 +0000",1557158174.276787,0.199976,0.756599,0.078727,0.144450,-0.686453,-0.712683,0.000000,0.000000,0.000000,-1,0.101653,0.447663,-0.016127,0.013493,0.000036,0.007605
"2019-05-06 15:56:14.297 +0000",1557158174.296759,0.207990,0.760231,0.077586,0.149641,-0.689089,-0.709058,0.000000,0.000000,0.000000,-1,0.223504,0.286842,0.010630,0.011552,-0.010084,0.004682
"2019-05-06 15:56:14.317 +0000",1557158174.316763,0.213429,0.766793,0.075057,0.152534,-0.693830,-0.703800,0.000000,0.000000,0.000000,-1,0.406959,0.121826,-0.036564,-0.001030,0.007291,0.036243
"2019-05-06 15:56:14.337 +0000",1557158174.336739,0.217453,0.776594,0.071463,0.153891,-0.700854,-0.696506,0.000000,0.000000,0.000000,-1,0.524676,0.051295,-0.003953,-0.003790,0.029681,0.021213
"2019-05-06 15:56:14.357 +0000",1557158174.356721,0.220419,0.786710,0.069547,0.154398,-0.708034,-0.689093,0.000000,0.000000,0.000000,-1,0.480146,0.120214,0.079426,-0.007837,0.013225,-0.003030
"2019-05-06 15:56:14.377 +0000",1557158174.376698,0.222874,0.795281,0.071534,0.154742,-0.714060,-0.682768,0.000000,0.000000,0.000000,-1,0.341472,0.226452,0.202089,0.003476,-0.046483,-0.023393
"2019-05-06 15:56:14.397 +0000",1557158174.396678,0.224461,0.801411,0.075930,0.154848,-0.718339,-0.678242,0.000000,0.000000,0.000000,-1,0.236039,0.239490,0.200859,-0.002260,-0.042648,-0.019924
"2019-05-06 15:56:14.417 +0000",1557158174.416656,0.228186,0.806694,0.077013,0.156513,-0.722003,-0.673955,0.000000,0.000000,0.000000,-1,0.273202,0.206982,0.027615,-0.021152,-0.025860,-0.003292
"2019-05-06 15:56:14.437 +0000",1557158174.436659,0.233506,0.813209,0.074237,0.159004,-0.726496,-0.668521,0.000000,0.000000,0.000000,-1,0.355141,0.169840,-0.059792,-0.015801,-0.007955,-0.000912
"2019-05-06 15:56:14.457 +0000",1557158174.456640,0.240184,0.820258,0.070035,0.162243,-0.731322,-0.662454,0.000000,0.000000,0.000000,-1,0.380585,0.200530,-0.043686,-0.005535,0.002043,-0.012808
"2019-05-06 15:56:14.477 +0000",1557158174.476621,0.247236,0.827286,0.067371,0.165649,-0.736097,-0.656294,0.000000,0.000000,0.000000,-1,0.348022,0.294961,0.023686,-0.006011,-0.001345,-0.019991
"2019-05-06 15:56:14.497 +0000",1557158174.496605,0.254193,0.833504,0.066629,0.169056,-0.740292,-0.650683,0.000000,0.000000,0.000000,-1,0.308104,0.316179,0.068987,0.018764,-0.030414,-0.012769
"2019-05-06 15:56:14.517 +0000",1557158174.516577,0.259894,0.839791,0.065610,0.171563,-0.744504,-0.645198,0.000000,0.000000,0.000000,-1,0.320032,0.194100,0.029269,0.010047,-0.029102,0.001628
"2019-05-06 15:56:14.537 +0000",1557158174.536565,0.263731,0.846124,0.063379,0.172805,-0.748717,-0.639970,0.000000,0.000000,0.000000,-1,0.321169,0.061398,-0.000910,0.001893,-0.022996,0.006700
"2019-05-06 15:56:14.557 +0000",1557158174.556549,0.266264,0.852084,0.059706,0.173248,-0.752654,-0.635214,0.000000,0.000000,0.000000,-1,0.214123,-0.066640,-0.070696,0.000137,-0.015382,0.046927
"2019-05-06 15:56:14.577 +0000",1557158174.576504,0.266105,0.852753,0.056189,0.173015,-0.753094,-0.634755,0.000000,0.000000,0.000000,-1,-0.037072,-0.183750,-0.112266,-0.008129,-0.011935,0.036397
"2019-05-06 15:56:14.597 +0000",1557158174.596511,0.263507,0.848454,0.054662,0.172207,-0.750259,-0.638323,0.000000,0.000000,0.000000,-1,-0.277119,-0.160786,-0.097236,-0.012203,-0.004166,0.027223
"2019-05-06 15:56:14.616 +0000",1557158174.616495,0.261315,0.841460,0.055204,0.172159,-0.745617,-0.643752,0.000000,0.000000,0.000000,-1,-0.299303,-0.025839,-0.088628,0.001624,0.005352,-0.013932
"2019-05-06 15:56:14.636 +0000",1557158174.636458,0.262032,0.836261,0.053973,0.173622,-0.742142,-0.647364,0.000000,0.000000,0.000000,-1,-0.077760,-0.014775,-0.081991,0.008293,0.007752,-0.021932
"2019-05-06 15:56:14.656 +0000",1557158174.656456,0.262200,0.836658,0.052213,0.173654,-0.742409,-0.647050,0.000000,0.000000,0.000000,-1,0.136620,-0.069716,-0.022809,0.001822,0.008278,-0.023909
"2019-05-06 15:56:14.676 +0000",1557158174.676437,0.261752,0.839735,0.051735,0.172773,-0.744466,-0.644918,0.000000,0.000000,0.000000,-1,0.144416,-0.000908,0.050480,-0.008222,0.006292,-0.026011
"2019-05-06 15:56:14.696 +0000",1557158174.696418,0.263268,0.842565,0.052480,0.173201,-0.746353,-0.642619,0.000000,0.000000,0.000000,-1,0.142438,0.152027,0.065608,0.001497,0.007202,0.001628
"2019-05-06 15:56:14.716 +0000",1557158174.716374,0.265948,0.846462,0.052594,0.174157,-0.748941,-0.639341,0.000000,0.000000,0.000000,-1,0.215051,0.110464,0.044240,0.003104,-0.001685,0.011808
"2019-05-06 15:56:14.736 +0000",1557158174.736370,0.268432,0.851648,0.050952,0.174712,-0.752367,-0.635153,0.000000,0.000000,0.000000,-1,0.210126,0.020330,-0.005438,-0.004989,0.002352,0.031867
"2019-05-06 15:56:14.756 +0000",1557158174.756365,0.269053,0.854268,0.049390,0.174582,-0.754090,-0.633142,0.000000,0.000000,0.000000,-1,0.083266,-0.054727,-0.012814,-0.009436,-0.002364,0.019266
"2019-05-06 15:56:14.776 +0000",1557158174.776328,0.267938,0.853632,0.049589,0.174003,-0.753672,-0.633799,0.000000,0.000000,0.000000,-1,-0.095848,-0.029853,0.002144,-0.013923,0.002497,0.007380
"2019-05-06 15:56:14.796 +0000",1557158174.796327,0.266767,0.850730,0.050822,0.173836,-0.751762,-0.636109,0.000000,0.000000,0.000000,-1,-0.169962,0.012934,-0.028766,-0.008660,0.002418,-0.005462
"2019-05-06 15:56:14.816 +0000",1557158174.816306,0.267281,0.847242,0.050695,0.174855,-0.749457,-0.638545,0.000000,0.000000,0.000000,-1,-0.163209,0.025747,-0.056491,-0.006810,-0.001031,-0.008199
"2019-05-06 15:56:14.836 +0000",1557158174.836262,0.268335,0.844351,0.050333,0.176101,-0.747540,-0.640447,0.000000,0.000000,0.000000,-1,-0.111091,0.041510,-0.046408,0.008255,-0.009159,-0.010157
"2019-05-06 15:56:14.856 +0000",1557158174.856271,0.270236,0.843201,0.048836,0.177548,-0.746776,-0.640939,0.000000,0.000000,0.000000,-1,-0.019648,0.005119,-0.037738,0.007404,-0.010915,-0.004737
"2019-05-06 15:56:14.876 +0000",1557158174.876254,0.271073,0.843509,0.047858,0.178023,-0.746981,-0.640568,0.000000,0.000000,0.000000,-1,0.020484,-0.002511,-0.009528,0.006242,-0.011976,-0.000667
"2019-05-06 15:56:14.896 +0000",1557158174.896232,0.271293,0.844208,0.047873,0.178024,-0.747445,-0.640026,0.000000,0.000000,0.000000,-1,0.006258,0.004865,0.023334,0.002244,-0.011359,0.005520
"2019-05-06 15:56:14.916 +0000",1557158174.916216,0.270669,0.845009,0.048945,0.177464,-0.747977,-0.639559,0.000000,0.000000,0.000000,-1,-0.022564,0.021916,0.031456,-0.011617,-0.018166,0.000552
"2019-05-06 15:56:14.936 +0000",1557158174.936185,0.269507,0.844799,0.050754,0.176763,-0.747838,-0.639917,0.000000,0.000000,0.000000,-1,-0.047031,0.030483,0.030076,-0.014364,-0.018886,-0.003638
"2019-05-06 15:56:14.956 +0000",1557158174.956177,0.269232,0.844216,0.052004,0.176703,-0.747451,-0.640385,0.000000,0.000000,0.000000,-1,-0.041289,0.061361,0.001175,-0.012854,-0.016816,-0.007716
"2019-05-06 15:56:14.976 +0000",1557158174.976140,0.269970,0.844406,0.052713,0.177137,-0.747577,-0.640118,0.000000,0.000000,0.000000,-1,0.009935,0.089907,-0.000551,-0.003141,-0.014295,-0.004443
"2019-05-06 15:56:14.996 +0000",1557158174.996118,0.270664,0.845689,0.053197,0.177325,-0.748429,-0.639070,0.000000,0.000000,0.000000,-1,0.050179,0.057882,0.013935,-0.011813,-0.013351,-0.003935
"2019-05-06 15:56:15.016 +0000",1557158175.016120,0.271433,0.846733,0.053777,0.177607,-0.749120,-0.638181,0.000000,0.000000,0.000000,-1,0.038211,0.071655,0.037189,-0.012095,-0.012660,-0.004825
"2019-05-06 15:56:15.036 +0000",1557158175.036104,0.271555,0.847529,0.055391,0.177525,-0.749648,-0.637584,0.000000,0.000000,0.000000,-1,0.007517,0.102577,0.026019,-0.005970,-0.009645,-0.006428
"2019-05-06 15:56:15.056 +0000",1557158175.056077,0.273084,0.847505,0.056390,0.178504,-0.749631,-0.637330,0.000000,0.000000,0.000000,-1,-0.014853,0.131305,0.030947,-0.004829,-0.007876,-0.007797
"2019-05-06 15:56:15.076 +0000",1557158175.076067,0.274038,0.847630,0.058350,0.179087,-0.749714,-0.637069,0.000000,0.000000,0.000000,-1,0.012541,0.133275,0.056834,-0.006632,-0.005138,-0.006212
"2019-05-06 15:56:15.096 +0000",1557158175.096050,0.274732,0.849683,0.059915,0.179111,-0.751071,-0.635462,0.000000,0.000000,0.000000,-1,0.101983,0.086300,0.052746,-0.008869,-0.008420,0.002070
"2019-05-06 15:56:15.116 +0000",1557158175.116031,0.275461,0.853956,0.059915,0.178700,-0.753885,-0.632237,0.000000,0.000000,0.000000,-1,0.133090,0.007698,0.021531,-0.005299,-0.011541,0.018101
"2019-05-06 15:56:15.136 +0000",1557158175.135992,0.275047,0.856149,0.059720,0.177988,-0.755325,-0.630718,0.000000,0.000000,0.000000,-1,0.039333,-0.038764,0.013294,-0.006754,-0.008866,0.015224
"2019-05-06 15:56:15.156 +0000",1557158175.155976,0.273360,0.855997,0.060906,0.176955,-0.755225,-0.631128,0.000000,0.000000,0.000000,-1,-0.073447,-0.006570,0.006547,-0.011001,0.008963,0.002130
"2019-05-06 15:56:15.176 +0000",1557158175.175975,0.272822,0.854271,0.061898,0.176966,-0.754092,-0.632477,0.000000,0.000000,0.000000,-1,-0.072166,0.032765,-0.004320,-0.010249,0.009936,-0.000106
"2019-05-06 15:56:15.196 +0000",1557158175.195933,0.272702,0.854026,0.062313,0.176940,-0.753931,-0.632677,0.000000,0.000000,0.000000,-1,0.022354,-0.010038,0.012952,-0.006591,-0.004507,0.001772
"2019-05-06 15:56:15.216 +0000",1557158175.215911,0.270363,0.855803,0.063319,0.175102,-0.755097,-0.631797,0.000000,0.000000,0.000000,-1,0.065520,-0.089918,0.041599,-0.019004,-0.006484,0.001410
"2019-05-06 15:56:15.236 +0000",1557158175.235920,0.267386,0.856722,0.064569,0.173037,-0.755700,-0.631645,0.000000,0.000000,0.000000,-1,0.004034,-0.070564,0.019489,-0.018114,-0.002692,-0.000831
"2019-05-06 15:56:15.256 +0000",1557158175.255900,0.266048,0.855892,0.065203,0.172356,-0.755156,-0.632481,0.000000,0.000000,0.000000,-1,-0.070946,-0.001181,-0.023309,-0.020180,-0.000246,-0.001354
"2019-05-06 15:56:15.276 +0000",1557158175.275884,0.266226,0.854408,0.065625,0.172764,-0.754182,-0.633532,0.000000,0.000000,0.000000,-1,-0.069824,0.051916,-0.018257,-0.004078,-0.003035,0.008135
"2019-05-06 15:56:15.296 +0000",1557158175.295864,0.266865,0.853812,0.065651,0.173287,-0.753791,-0.633854,0.000000,0.000000,0.000000,-1,-0.022114,0.018813,-0.004752,-0.003258,-0.000802,0.009510
"2019-05-06 15:56:15.316 +0000",1557158175.315844,0.266770,0.853601,0.065886,0.173268,-0.753652,-0.634024,0.000000,0.000000,0.000000,-1,-0.025464,-0.004575,0.003873,-0.002706,0.002462,0.008017
"2019-05-06 15:56:15.336 +0000",1557158175.335828,0.266539,0.852827,0.066192,0.173276,-0.753143,-0.634627,0.000000,0.000000,0.000000,-1,-0.051130,-0.008776,0.011079,0.005374,-0.000214,-0.000002
"2019-05-06 15:56:15.356 +0000",1557158175.355792,0.265747,0.851746,0.067082,0.172987,-0.752431,-0.635549,0.000000,0.000000,0.000000,-1,-0.054441,-0.008795,0.020640,0.004198,-0.005946,-0.010691
"2019-05-06 15:56:15.376 +0000",1557158175.375789,0.264911,0.850787,0.067835,0.172644,-0.751799,-0.636389,0.000000,0.000000,0.000000,-1,-0.030881,-0.009890,0.010240,0.003824,-0.004701,-0.015756
"2019-05-06 15:56:15.396 +0000",1557158175.395772,0.264966,0.850060,0.068149,0.172822,-0.751320,-0.636907,0.000000,0.000000,0.000000,-1,-0.009317,0.037894,-0.002585,0.000273,0.001656,-0.005030
"2019-05-06 15:56:15.416 +0000",1557158175.415725,0.266444,0.850046,0.067728,0.173766,-0.751311,-0.636661,0.000000,0.000000,0.000000,-1,0.022694,0.055870,-0.003400,0.005265,0.007155,0.003422
"2019-05-06 15:56:15.436 +0000",1557158175.435733,0.267176,0.850766,0.067666,0.174090,-0.751786,-0.636012,0.000000,0.000000,0.000000,-1,0.037274,0.015400,0.017247,0.004942,0.007630,0.002772
"2019-05-06 15:56:15.456 +0000",1557158175.455715,0.266654,0.851512,0.068240,0.173610,-0.752277,-0.635562,0.000000,0.000000,0.000000,-1,0.009101,-0.031359,0.048123,0.004323,-0.004650,-0.001203
"2019-05-06 15:56:15.476 +0000",1557158175.475697,0.264703,0.851363,0.069802,0.172398,-0.752179,-0.636007,0.000000,0.000000,0.000000,-1,-0.032098,-0.019480,0.020944,-0.008549,-0.004657,-0.004389
"2019-05-06 15:56:15.496 +0000",1557158175.495678,0.264409,0.850540,0.070150,0.172373,-0.751636,-0.636656,0.000000,0.000000,0.000000,-1,-0.039944,0.019996,-0.028416,-0.011500,-0.001247,-0.002703
"2019-05-06 15:56:15.516 +0000",1557158175.515635,0.264915,0.850370,0.069591,0.172729,-0.751524,-0.636691,0.000000,0.000000,0.000000,-1,-0.003564,0.011441,-0.042898,-0.010787,0.000807,0.009982
"2019-05-06 15:56:15.536 +0000",1557158175.535643,0.265263,0.851112,0.068496,0.172804,-0.752014,-0.636092,0.000000,0.000000,0.000000,-1,0.006969,-0.032151,-0.040406,-0.006910,0.007416,0.020156
"2019-05-06 15:56:15.556 +0000",1557158175.555607,0.265063,0.850701,0.067694,0.172758,-0.751743,-0.636425,0.000000,0.000000,0.000000,-1,-0.045383,-0.038417,-0.029215,-0.006132,0.004688,0.015622
"2019-05-06 15:56:15.576 +0000",1557158175.575583,0.264022,0.849032,0.067831,0.172423,-0.750641,-0.637815,0.000000,0.000000,0.000000,-1,-0.098773,-0.043611,-0.020174,-0.001082,-0.003159,-0.005480
"2019-05-06 15:56:15.596 +0000",1557158175.595587,0.263092,0.846719,0.068042,0.172280,-0.749111,-0.639650,0.000000,0.000000,0.000000,-1,-0.105012,-0.026568,-0.029935,0.001792,0.000591,-0.014372
"2019-05-06 15:56:15.616 +0000",1557158175.615540,0.263206,0.844484,0.067542,0.172788,-0.747629,-0.641246,0.000000,0.000000,0.000000,-1,-0.086849,-0.006339,-0.045046,0.005572,-0.003150,-0.012975
"2019-05-06 15:56:15.636 +0000",1557158175.635525,0.264197,0.842231,0.066532,0.173863,-0.746130,-0.642699,0.000000,0.000000,0.000000,-1,-0.063564,-0.004316,-0.032006,0.012492,0.000662,-0.010698
"2019-05-06 15:56:15.656 +0000",1557158175.655532,0.264568,0.840889,0.066112,0.174363,-0.745236,-0.643600,0.000000,0.000000,0.000000,-1,-0.047903,-0.008685,-0.006217,0.016296,-0.001560,-0.013200
"2019-05-06 15:56:15.676 +0000",1557158175.675513,0.264165,0.839755,0.066695,0.174324,-0.744479,-0.644485,0.000000,0.000000,0.000000,-1,-0.056715,0.010378,0.021308,0.010154,-0.001950,-0.008225
"2019-05-06 15:56:15.695 +0000",1557158175.695496,0.264009,0.838299,0.067633,0.174506,-0.743507,-0.645558,0.000000,0.000000,0.000000,-1,-0.039577,0.035837,0.018155,0.003579,-0.002007,-0.006191
"2019-05-06 15:56:15.715 +0000",1557158175.715477,0.265082,0.838277,0.067470,0.175204,-0.743492,-0.645386,0.000000,0.000000,0.000000,-1,0.020542,0.043221,-0.018552,0.001081,-0.001167,0.001282
"2019-05-06 15:56:15.735 +0000",1557158175.735456,0.266118,0.839141,0.066422,0.175703,-0.744069,-0.644584,0.000000,0.000000,0.000000,-1,0.051395,-0.008899,-0.024322,-0.001295,-0.005763,0.003868
"2019-05-06 15:56:15.755 +0000",1557158175.755440,0.265965,0.840152,0.065573,0.175406,-0.744745,-0.643885,0.000000,0.000000,0.000000,-1,0.040815,-0.033272,-0.034967,-0.009788,-0.004858,0.000315
"2019-05-06 15:56:15.775 +0000",1557158175.775398,0.266760,0.840354,0.063926,0.175879,-0.744879,-0.643601,0.000000,0.000000,0.000000,-1,0.014637,-0.002296,-0.067419,-0.008017,-0.000375,-0.005386
"2019-05-06 15:56:15.795 +0000",1557158175.795400,0.268292,0.840041,0.061975,0.176926,-0.744670,-0.643555,0.000000,0.000000,0.000000,-1,0.004000,0.005169,-0.067577,-0.003449,-0.002461,-0.007080
"2019-05-06 15:56:15.815 +0000",1557158175.815383,0.269853,0.839706,0.060226,0.177997,-0.744447,-0.643518,0.000000,0.000000,0.000000,-1,0.012452,0.025302,-0.057997,0.000912,0.001298,-0.006308
"2019-05-06 15:56:15.835 +0000",1557158175.835362,0.272478,0.839921,0.057811,0.179643,-0.744590,-0.642895,0.000000,0.000000,0.000000,-1,0.037147,0.031654,-0.072692,0.004012,0.001655,0.006741
"2019-05-06 15:56:15.855 +0000",1557158175.855346,0.274362,0.840366,0.055404,0.180763,-0.744888,-0.642236,0.000000,0.000000,0.000000,-1,0.042295,-0.007690,-0.064953,0.002891,0.001952,0.006082
"2019-05-06 15:56:15.875 +0000",1557158175.875328,0.275883,0.840861,0.053151,0.181640,-0.745217,-0.641606,0.000000,0.000000,0.000000,-1,0.005617,-0.041679,-0.033176,0.011674,0.006860,0.018132
"2019-05-06 15:56:15.895 +0000",1557158175.895307,0.275617,0.840099,0.052629,0.181624,-0.744709,-0.642200,0.000000,0.000000,0.000000,-1,-0.060895,-0.050106,0.003464,0.002611,-0.002681,-0.005383
"2019-05-06 15:56:15.915 +0000",1557158175.915288,0.274010,0.838521,0.053603,0.180909,-0.743655,-0.643622,0.000000,0.000000,0.000000,-1,-0.087534,-0.036232,0.006294,0.002517,-0.007276,-0.006860
"2019-05-06 15:56:15.935 +0000",1557158175.935254,0.273522,0.836693,0.053640,0.180962,-0.742432,-0.645017,0.000000,0.000000,0.000000,-1,-0.049595,-0.005380,-0.042517,0.004188,-0.002044,-0.008623
"2019-05-06 15:56:15.955 +0000",1557158175.955254,0.275252,0.835786,0.051990,0.182261,-0.741824,-0.645352,0.000000,0.000000,0.000000,-1,-0.017470,0.023242,-0.050855,0.007543,-0.001310,-0.000812
"2019-05-06 15:56:15.975 +0000",1557158175.975211,0.276459,0.835413,0.051163,0.183115,-0.741573,-0.645397,0.000000,0.000000,0.000000,-1,-0.014831,0.019909,-0.004951,0.008047,-0.000797,0.003979
"2019-05-06 15:56:15.995 +0000",1557158175.995190,0.276588,0.835380,0.051511,0.183205,-0.741552,-0.645397,0.000000,0.000000,0.000000,-1,-0.033334,-0.002435,0.023763,-0.001793,-0.010615,0.001110
"2019-05-06 15:56:16.015 +0000",1557158176.015200,0.275387,0.834652,0.052538,0.182577,-0.741063,-0.646136,0.000000,0.000000,0.000000,-1,-0.064013,-0.021409,0.002203,-0.006231,-0.015346,-0.002729
"2019-05-06 15:56:16.035 +0000",1557158176.035177,0.275104,0.833182,0.052688,0.182689,-0.740075,-0.647235,0.000000,0.000000,0.000000,-1,-0.078363,0.019118,-0.037637,-0.010448,-0.010306,-0.003567
"2019-05-06 15:56:16.055 +0000",1557158176.055143,0.276002,0.832221,0.051875,0.183464,-0.739429,-0.647755,0.000000,0.000000,0.000000,-1,-0.039795,0.007387,-0.057410,0.000953,-0.007886,0.003666
"2019-05-06 15:56:16.075 +0000",1557158176.075143,0.276790,0.831795,0.050321,0.184061,-0.739141,-0.647913,0.000000,0.000000,0.000000,-1,-0.007968,-0.034141,-0.053630,0.000250,-0.005854,0.005412
"2019-05-06 15:56:16.095 +0000",1557158176.095124,0.276954,0.831093,0.049354,0.184309,-0.738669,-0.648382,0.000000,0.000000,0.000000,-1,-0.055092,-0.021334,-0.030757,0.000445,0.002218,0.004919
"2019-05-06 15:56:16.115 +0000",1557158176.115108,0.276764,0.829280,0.049362,0.184551,-0.737445,-0.649704,0.000000,0.000000,0.000000,-1,-0.104132,-0.004221,-0.024992,-0.002590,-0.001340,-0.004959
"2019-05-06 15:56:16.135 +0000",1557158176.135063,0.276688,0.827053,0.049367,0.184950,-0.735939,-0.651297,0.000000,0.000000,0.000000,-1,-0.094289,0.007495,-0.044144,-0.007887,0.000877,-0.004084
"2019-05-06 15:56:16.155 +0000",1557158176.155068,0.277373,0.825445,0.048617,0.185719,-0.734850,-0.652307,0.000000,0.000000,0.000000,-1,-0.049456,0.008456,-0.051122,-0.005391,-0.000364,-0.002784
"2019-05-06 15:56:16.175 +0000",1557158176.175051,0.278133,0.824598,0.047593,0.186387,-0.734275,-0.652764,0.000000,0.000000,0.000000,-1,-0.015520,-0.002293,-0.040025,0.002273,0.002494,-0.000724
"2019-05-06 15:56:16.195 +0000",1557158176.195005,0.278382,0.824157,0.046886,0.186638,-0.733975,-0.653029,0.000000,0.000000,0.000000,-1,-0.017980,-0.023604,-0.016472,0.006187,0.000149,-0.002946
"2019-05-06 15:56:16.215 +0000",1557158176.215013,0.277654,0.823406,0.047106,0.186314,-0.733465,-0.653694,0.000000,0.000000,0.000000,-1,-0.039625,-0.032123,0.009998,0.003963,-0.000269,-0.007072
"2019-05-06 15:56:16.235 +0000",1557158176.234996,0.276208,0.822333,0.048198,0.185582,-0.732735,-0.654720,0.000000,0.000000,0.000000,-1,-0.040801,-0.018346,0.021640,-0.004338,-0.004371,-0.015492
"2019-05-06 15:56:16.255 +0000",1557158176.254976,0.274863,0.821887,0.049314,0.184791,-0.732432,-0.655283,0.000000,0.000000,0.000000,-1,-0.005469,-0.006720,0.009168,-0.007850,-0.005849,-0.006018
"2019-05-06 15:56:16.275 +0000",1557158176.274959,0.275063,0.822256,0.049107,0.184848,-0.732683,-0.654986,0.000000,0.000000,0.000000,-1,0.028951,0.015565,-0.014039,-0.004199,-0.002592,-0.001248
"2019-05-06 15:56:16.295 +0000",1557158176.294940,0.275941,0.822903,0.048615,0.185294,-0.733124,-0.654367,0.000000,0.000000,0.000000,-1,0.018391,0.033667,-0.018520,-0.002966,-0.003174,0.005777
"2019-05-06 15:56:16.315 +0000",1557158176.314921,0.276633,0.823382,0.048020,0.185650,-0.733449,-0.653901,0.000000,0.000000,0.000000,-1,-0.009313,0.000826,-0.023974,-0.003796,0.001851,0.006089
"2019-05-06 15:56:16.335 +0000",1557158176.334903,0.276670,0.822849,0.047749,0.185782,-0.733087,-0.654270,0.000000,0.000000,0.000000,-1,-0.024457,-0.016178,-0.008049,0.000604,0.003091,-0.001202
"2019-05-06 15:56:16.355 +0000",1557158176.354865,0.275676,0.822631,0.048231,0.185175,-0.732938,-0.654608,0.000000,0.000000,0.000000,-1,-0.004517,-0.030112,0.014643,-0.005991,-0.004885,-0.007333
"2019-05-06 15:56:16.375 +0000",1557158176.374866,0.274543,0.822957,0.048728,0.184368,-0.733160,-0.654587,0.000000,0.000000,0.000000,-1,0.023380,-0.020583,-0.000032,-0.012737,-0.003916,-0.007079
"2019-05-06 15:56:16.395 +0000",1557158176.394817,0.274742,0.823330,0.048103,0.184424,-0.733413,-0.654288,0.000000,0.000000,0.000000,-1,0.021825,0.008232,-0.042866,-0.011863,-0.004868,-0.002282
"2019-05-06 15:56:16.415 +0000",1557158176.414827,0.275890,0.823499,0.046804,0.185141,-0.733528,-0.653956,0.000000,0.000000,0.000000,-1,-0.000311,0.021092,-0.060242,-0.002127,-0.001747,0.005321
"2019-05-06 15:56:16.435 +0000",1557158176.434811,0.277370,0.823153,0.045090,0.186178,-0.733294,-0.653925,0.000000,0.000000,0.000000,-1,-0.020788,-0.010763,-0.046427,0.005182,-0.000654,0.008967
"2019-05-06 15:56:16.455 +0000",1557158176.454783,0.277561,0.822607,0.044309,0.186413,-0.732922,-0.654275,0.000000,0.000000,0.000000,-1,-0.023270,-0.031018,-0.020748,0.003117,0.001462,0.008340
"2019-05-06 15:56:16.475 +0000",1557158176.474776,0.276669,0.822228,0.044230,0.185905,-0.732664,-0.654708,0.000000,0.000000,0.000000,-1,-0.024480,-0.050163,-0.012123,-0.006797,-0.007540,-0.004960
"2019-05-06 15:56:16.495 +0000",1557158176.494753,0.275710,0.821390,0.044132,0.185445,-0.732094,-0.655476,0.000000,0.000000,0.000000,-1,-0.030613,-0.025661,-0.029388,-0.003056,-0.001427,-0.010722
"2019-05-06 15:56:16.515 +0000",1557158176.514736,0.276526,0.820547,0.043166,0.186148,-0.731519,-0.655918,0.000000,0.000000,0.000000,-1,-0.016471,0.020029,-0.045483,0.002665,-0.003237,-0.009914
"2019-05-06 15:56:16.535 +0000",1557158176.534719,0.278150,0.820285,0.041739,0.187265,-0.731340,-0.655800,0.000000,0.000000,0.000000,-1,0.025985,0.019874,-0.032219,0.008154,0.004228,-0.001213
"2019-05-06 15:56:16.555 +0000",1557158176.554675,0.278974,0.821319,0.041082,0.187597,-0.732045,-0.654918,0.000000,0.000000,0.000000,-1,0.052955,-0.002679,0.024723,0.002283,-0.005000,0.006465
"2019-05-06 15:56:16.575 +0000",1557158176.574681,0.277818,0.822495,0.041956,0.186604,-0.732845,-0.654306,0.000000,0.000000,0.000000,-1,0.038747,-0.037769,0.048223,0.003277,-0.004200,0.005854
"2019-05-06 15:56:16.595 +0000",1557158176.594662,0.276098,0.823119,0.043014,0.185353,-0.733270,-0.654186,0.000000,0.000000,0.000000,-1,-0.019332,-0.026864,0.007002,-0.010045,-0.011908,-0.004536
"2019-05-06 15:56:16.615 +0000",1557158176.614641,0.275994,0.822214,0.042895,0.185466,-0.732655,-0.654843,0.000000,0.000000,0.000000,-1,-0.053741,0.020134,-0.046958,-0.006511,-0.007977,-0.008060
"2019-05-06 15:56:16.635 +0000",1557158176.634626,0.277689,0.821160,0.041655,0.186788,-0.731936,-0.655271,0.000000,0.000000,0.000000,-1,-0.017476,0.048795,-0.057595,-0.005330,-0.002057,-0.005176
"2019-05-06 15:56:16.655 +0000",1557158176.654608,0.278975,0.821530,0.040503,0.187555,-0.732189,-0.654769,0.000000,0.000000,0.000000,-1,0.044682,-0.003576,-0.008632,0.002600,0.000224,0.007842
"2019-05-06 15:56:16.675 +0000",1557158176.674589,0.278310,0.823030,0.040837,0.186818,-0.733209,-0.653837,0.000000,0.000000,0.000000,-1,0.036559,-0.033451,0.041568,-0.005864,-0.009634,0.006071
"2019-05-06 15:56:16.695 +0000",1557158176.694570,0.276262,0.823523,0.042358,0.185380,-0.733545,-0.653871,0.000000,0.000000,0.000000,-1,-0.023096,-0.039658,0.039882,-0.009125,-0.013114,-0.000869
"2019-05-06 15:56:16.715 +0000",1557158176.714551,0.274249,0.823042,0.043804,0.184159,-0.733218,-0.654582,0.000000,0.000000,0.000000,-1,-0.050124,-0.009689,-0.010701,-0.014283,-0.015256,-0.010244
"2019-05-06 15:56:16.735 +0000",1557158176.734533,0.274511,0.822269,0.043254,0.184484,-0.732692,-0.655079,0.000000,0.000000,0.000000,-1,-0.003688,0.014761,-0.058315,-0.002538,-0.003545,-0.005429
"2019-05-06 15:56:16.755 +0000",1557158176.754501,0.275950,0.822727,0.041544,0.185335,-0.733003,-0.654490,0.000000,0.000000,0.000000,-1,0.059943,0.001774,-0.036215,0.000746,0.001207,-0.000692
"2019-05-06 15:56:16.774 +0000",1557158176.774468,0.276399,0.824088,0.040663,0.185356,-0.733929,-0.653446,0.000000,0.000000,0.000000,-1,0.057216,-0.019604,0.009730,-0.001411,0.001522,0.006244
"2019-05-06 15:56:16.794 +0000",1557158176.794477,0.275766,0.824983,0.041247,0.184764,-0.734537,-0.652931,0.000000,0.000000,0.000000,-1,0.015441,-0.002560,0.031573,-0.002696,-0.003089,0.003990
"2019-05-06 15:56:16.814 +0000",1557158176.814455,0.275271,0.825195,0.041754,0.184398,-0.734680,-0.652873,0.000000,0.000000,0.000000,-1,-0.007573,-0.002390,-0.003873,-0.007335,-0.015335,-0.006002
"2019-05-06 15:56:16.834 +0000",1557158176.834425,0.275618,0.824988,0.041116,0.184666,-0.734540,-0.652955,0.000000,0.000000,0.000000,-1,-0.002723,0.009424,-0.050808,-0.002354,-0.006976,-0.008788
"2019-05-06 15:56:16.854 +0000",1557158176.854423,0.277374,0.824784,0.039415,0.185853,-0.734401,-0.652774,0.000000,0.000000,0.000000,-1,0.019736,0.031681,-0.053884,0.002593,0.004741,0.003299
"2019-05-06 15:56:16.874 +0000",1557158176.874390,0.279052,0.825452,0.038058,0.186813,-0.734854,-0.651989,0.000000,0.000000,0.000000,-1,0.055504,0.024036,-0.017190,0.001526,0.008170,0.008267
"2019-05-06 15:56:16.894 +0000",1557158176.894368,0.279701,0.826968,0.037421,0.186929,-0.735882,-0.650796,0.000000,0.000000,0.000000,-1,0.055031,-0.016427,0.015022,0.002036,-0.005070,0.008950
"2019-05-06 15:56:16.914 +0000",1557158176.914366,0.278549,0.827697,0.038058,0.186031,-0.736375,-0.650495,0.000000,0.000000,0.000000,-1,-0.004766,-0.029040,0.024034,-0.002163,-0.009612,-0.004458
"2019-05-06 15:56:16.934 +0000",1557158176.934348,0.277870,0.827139,0.038573,0.185702,-0.735997,-0.651016,0.000000,0.000000,0.000000,-1,-0.036231,0.003023,-0.011681,-0.004642,-0.008860,-0.009155
"2019-05-06 15:56:16.954 +0000",1557158176.954330,0.278191,0.826681,0.038218,0.186004,-0.735688,-0.651281,0.000000,0.000000,0.000000,-1,0.015272,0.019961,-0.038936,-0.007720,0.000366,-0.008265
"2019-05-06 15:56:16.974 +0000",1557158176.974282,0.279454,0.827473,0.037003,0.186666,-0.736223,-0.650485,0.000000,0.000000,0.000000,-1,0.068335,0.021888,-0.021300,-0.001317,0.003069,0.004352
"2019-05-06 15:56:16.994 +0000",1557158176.994270,0.280176,0.828836,0.036372,0.186858,-0.737145,-0.649385,0.000000,0.000000,0.000000,-1,0.048760,0.002729,0.008452,-0.001219,0.000634,0.009706
"2019-05-06 15:56:17.014 +0000",1557158177.014333,0.279566,0.829357,0.036874,0.186355,-0.737498,-0.649130,0.000000,0.000000,0.000000,-1,-0.022704,-0.009839,0.013070,-0.005950,-0.013433,-0.001871
"2019-05-06 15:56:17.034 +0000",1557158177.034247,0.278346,0.828714,0.037828,0.185693,-0.737063,-0.649813,0.000000,0.000000,0.000000,-1,-0.042666,-0.005469,-0.009567,-0.013757,-0.006513,-0.006895
"2019-05-06 15:56:17.054 +0000",1557158177.054226,0.278905,0.828501,0.037201,0.186099,-0.736919,-0.649859,0.000000,0.000000,0.000000,-1,0.025796,0.007156,-0.030214,-0.014163,-0.006657,-0.006849
"2019-05-06 15:56:17.074 +0000",1557158177.074219,0.279582,0.829966,0.036128,0.186242,-0.737908,-0.648695,0.000000,0.000000,0.000000,-1,0.088710,0.012306,-0.033815,-0.010369,0.001397,0.010893
"2019-05-06 15:56:17.094 +0000",1557158177.094202,0.280755,0.831961,0.034785,0.186594,-0.739253,-0.647061,0.000000,0.000000,0.000000,-1,0.060812,0.007022,-0.018094,-0.000650,-0.007542,0.010678
"2019-05-06 15:56:17.114 +0000",1557158177.114181,0.280836,0.832409,0.034395,0.186555,-0.739555,-0.646727,0.000000,0.000000,0.000000,-1,-0.017193,-0.026800,-0.004900,0.002059,-0.011910,0.004103
"2019-05-06 15:56:17.134 +0000",1557158177.134164,0.280220,0.831414,0.034367,0.186360,-0.738885,-0.647549,0.000000,0.000000,0.000000,-1,-0.057506,-0.023390,-0.028985,-0.000096,-0.008170,-0.010807
"2019-05-06 15:56:17.154 +0000",1557158177.154190,0.280250,0.830049,0.033925,0.186658,-0.737965,-0.648511,0.000000,0.000000,0.000000,-1,-0.013471,0.017987,-0.051124,-0.004346,-0.007580,-0.015322
"2019-05-06 15:56:17.175 +0000",1557158177.174673,0.281944,0.830655,0.032334,0.187631,-0.738373,-0.647765,0.000000,0.000000,0.000000,-1,0.085432,0.022982,-0.035135,-0.001627,-0.000518,-0.002794
"2019-05-06 15:56:17.194 +0000",1557158177.194098,0.283965,0.833113,0.030002,0.188431,-0.740028,-0.645640,0.000000,0.000000,0.000000,-1,0.145816,-0.018675,-0.013980,0.011001,0.004860,0.013744
"2019-05-06 15:56:17.214 +0000",1557158177.214090,0.284466,0.835112,0.029135,0.188339,-0.741372,-0.644124,0.000000,0.000000,0.000000,-1,0.051712,0.002728,0.018993,0.008850,-0.001609,0.008229
"2019-05-06 15:56:17.234 +0000",1557158177.234049,0.284729,0.834920,0.029532,0.188549,-0.741243,-0.644212,0.000000,0.000000,0.000000,-1,-0.031285,0.027400,0.014745,0.006337,-0.004271,-0.010131
"2019-05-06 15:56:17.254 +0000",1557158177.254050,0.285354,0.834800,0.029781,0.188976,-0.741163,-0.644179,0.000000,0.000000,0.000000,-1,0.045619,0.045290,0.001626,0.000141,-0.000506,-0.004564
"2019-05-06 15:56:17.274 +0000",1557158177.274034,0.286979,0.836793,0.028491,0.189604,-0.742498,-0.642453,0.000000,0.000000,0.000000,-1,0.131054,0.020689,-0.019695,0.002748,-0.002375,0.008985
"2019-05-06 15:56:17.294 +0000",1557158177.294003,0.288293,0.839209,0.026699,0.189938,-0.744115,-0.640482,0.000000,0.000000,0.000000,-1,0.094674,-0.022742,-0.018844,0.003940,-0.005031,0.008920
"2019-05-06 15:56:17.314 +0000",1557158177.313997,0.288438,0.840433,0.025851,0.189772,-0.744932,-0.639580,0.000000,0.000000,0.000000,-1,-0.018346,-0.029890,-0.012580,-0.002440,-0.001910,0.012963
"2019-05-06 15:56:17.334 +0000",1557158177.333979,0.287524,0.839296,0.026339,0.189427,-0.744173,-0.640565,0.000000,0.000000,0.000000,-1,-0.091802,-0.014812,-0.014536,-0.010335,-0.000700,0.005693
"2019-05-06 15:56:17.354 +0000",1557158177.353960,0.286457,0.837537,0.027217,0.189113,-0.742997,-0.642022,0.000000,0.000000,0.000000,-1,-0.084547,-0.013822,0.002602,-0.008312,-0.002121,-0.000083
"2019-05-06 15:56:17.374 +0000",1557158177.373943,0.285287,0.836558,0.028266,0.188566,-0.742342,-0.642940,0.000000,0.000000,0.000000,-1,-0.032276,0.001977,-0.000109,-0.008772,-0.006499,-0.011525
"2019-05-06 15:56:17.394 +0000",1557158177.393919,0.285065,0.836241,0.028725,0.188490,-0.742129,-0.643207,0.000000,0.000000,0.000000,-1,-0.005641,0.026324,0.004316,-0.005705,-0.002317,-0.012173
"2019-05-06 15:56:17.414 +0000",1557158177.413906,0.285832,0.836452,0.028892,0.188939,-0.742271,-0.642913,0.000000,0.000000,0.000000,-1,0.035886,0.058057,0.012062,-0.002690,0.000724,-0.011430
"2019-05-06 15:56:17.434 +0000",1557158177.433886,0.286860,0.837788,0.028988,0.189319,-0.743165,-0.641767,0.000000,0.000000,0.000000,-1,0.080446,0.051518,0.026451,0.003263,-0.005492,0.000135
"2019-05-06 15:56:17.454 +0000",1557158177.453855,0.287915,0.839549,0.029038,0.189624,-0.744342,-0.640311,0.000000,0.000000,0.000000,-1,0.070825,0.057946,0.027356,-0.000842,0.001697,0.004965
"2019-05-06 15:56:17.474 +0000",1557158177.473850,0.289293,0.840991,0.029467,0.190200,-0.745304,-0.639019,0.000000,0.000000,0.000000,-1,0.072987,0.105726,0.033514,-0.003951,0.008747,0.004971
"2019-05-06 15:56:17.494 +0000",1557158177.493831,0.291628,0.842753,0.029586,0.191313,-0.746478,-0.637315,0.000000,0.000000,0.000000,-1,0.149627,0.120365,0.041739,0.000413,0.014864,-0.016967
"2019-05-06 15:56:17.514 +0000",1557158177.513813,0.294340,0.847001,0.029756,0.192119,-0.749298,-0.633753,0.000000,0.000000,0.000000,-1,0.270419,0.145352,0.101581,0.012196,0.002960,-0.005773
"2019-05-06 15:56:17.534 +0000",1557158177.533793,0.297750,0.853114,0.029050,0.192932,-0.753332,-0.628704,0.000000,0.000000,0.000000,-1,0.279388,0.116774,0.059179,0.016693,-0.011347,-0.006123
